﻿<?xml version="1.0" encoding="utf-8"?><DEFECTS><DEFECT>
    <SFA>
      <FILEPATH>d:\programming\2019\january\01_24\c\c_language\c_game_project\privatelesson\mythinkprintmapandmoveusercharacter</FILEPATH>
      <FILENAME>fun.cpp</FILENAME>
      <LINE>28</LINE>
      <COLUMN>11</COLUMN>
    </SFA>
    <DEFECTCODE>6271</DEFECTCODE>
    <DESCRIPTION>'fscanf_s'에 불필요한 인수가 전달되었습니다.  _Param_(4)은 형식 문자열에서 사용되지 않습니다.</DESCRIPTION>
    <FUNCTION>mapLoding</FUNCTION>
    <DECORATED>?mapLoding@@YAXPAPAPAHPADPAPAUpos@@@Z</DECORATED>
    <FUNCLINE>9</FUNCLINE>
    <PATH></PATH>
  </DEFECT><DEFECT>
    <SFA>
      <FILEPATH>d:\programming\2019\january\01_24\c\c_language\c_game_project\privatelesson\mythinkprintmapandmoveusercharacter</FILEPATH>
      <FILENAME>fun.cpp</FILENAME>
      <LINE>21</LINE>
      <COLUMN>17</COLUMN>
    </SFA>
    <DEFECTCODE>6386</DEFECTCODE>
    <DESCRIPTION>'*dPointer'에 쓰는 동안 버퍼 오버런이 발생했습니다.  쓰기 가능한 크기는 'sizeof(int)*(unsigned int)((*mapPos))-&gt;y'바이트인데 실제로는 '8'바이트만 쓸 수 있습니다.</DESCRIPTION>
    <FUNCTION>mapLoding</FUNCTION>
    <DECORATED>?mapLoding@@YAXPAPAPAHPADPAPAUpos@@@Z</DECORATED>
    <FUNCLINE>9</FUNCLINE>
    <PROBABILITY>1</PROBABILITY>
    <RANK>4</RANK>
    <CATEGORY>
      <RULECATEGORY>mspft</RULECATEGORY>
    </CATEGORY>
    <PATH>
      <SFA>
        <FILEPATH>d:\programming\2019\january\01_24\c\c_language\c_game_project\privatelesson\mythinkprintmapandmoveusercharacter</FILEPATH>
        <FILENAME>fun.cpp</FILENAME>
        <LINE>11</LINE>
        <COLUMN>7</COLUMN>
      </SFA>
      <SFA>
        <FILEPATH>d:\programming\2019\january\01_24\c\c_language\c_game_project\privatelesson\mythinkprintmapandmoveusercharacter</FILEPATH>
        <FILENAME>fun.cpp</FILENAME>
        <LINE>12</LINE>
        <COLUMN>5</COLUMN>
      </SFA>
      <SFA>
        <FILEPATH>d:\programming\2019\january\01_24\c\c_language\c_game_project\privatelesson\mythinkprintmapandmoveusercharacter</FILEPATH>
        <FILENAME>fun.cpp</FILENAME>
        <LINE>14</LINE>
        <COLUMN>8</COLUMN>
      </SFA>
      <SFA>
        <FILEPATH>d:\programming\2019\january\01_24\c\c_language\c_game_project\privatelesson\mythinkprintmapandmoveusercharacter</FILEPATH>
        <FILENAME>fun.cpp</FILENAME>
        <LINE>15</LINE>
        <COLUMN>9</COLUMN>
      </SFA>
      <SFA>
        <FILEPATH>d:\programming\2019\january\01_24\c\c_language\c_game_project\privatelesson\mythinkprintmapandmoveusercharacter</FILEPATH>
        <FILENAME>fun.cpp</FILENAME>
        <LINE>17</LINE>
        <COLUMN>11</COLUMN>
      </SFA>
      <SFA>
        <FILEPATH>d:\programming\2019\january\01_24\c\c_language\c_game_project\privatelesson\mythinkprintmapandmoveusercharacter</FILEPATH>
        <FILENAME>fun.cpp</FILENAME>
        <LINE>19</LINE>
        <COLUMN>10</COLUMN>
      </SFA>
      <SFA>
        <FILEPATH>d:\programming\2019\january\01_24\c\c_language\c_game_project\privatelesson\mythinkprintmapandmoveusercharacter</FILEPATH>
        <FILENAME>fun.cpp</FILENAME>
        <LINE>19</LINE>
        <COLUMN>19</COLUMN>
        <KEYEVENT>
          <ID>1</ID>
          <KIND>분기</KIND>
          <IMPORTANCE>Full</IMPORTANCE>
          <MESSAGE>이 루프 시작, ('i&lt;((*mapPos))-&gt;y' 가정)</MESSAGE>
        </KEYEVENT>
      </SFA>
      <SFA>
        <FILEPATH>d:\programming\2019\january\01_24\c\c_language\c_game_project\privatelesson\mythinkprintmapandmoveusercharacter</FILEPATH>
        <FILENAME>fun.cpp</FILENAME>
        <LINE>21</LINE>
        <COLUMN>17</COLUMN>
      </SFA>
      <SFA>
        <FILEPATH>d:\programming\2019\january\01_24\c\c_language\c_game_project\privatelesson\mythinkprintmapandmoveusercharacter</FILEPATH>
        <FILENAME>fun.cpp</FILENAME>
        <LINE>19</LINE>
        <COLUMN>36</COLUMN>
        <KEYEVENT>
          <ID>2</ID>
          <KIND>선언</KIND>
          <IMPORTANCE>Essential</IMPORTANCE>
          <MESSAGE>'i'이(가) 1과(와) 같을 수 있습니다.</MESSAGE>
        </KEYEVENT>
      </SFA>
      <SFA>
        <FILEPATH>d:\programming\2019\january\01_24\c\c_language\c_game_project\privatelesson\mythinkprintmapandmoveusercharacter</FILEPATH>
        <FILENAME>fun.cpp</FILENAME>
        <LINE>19</LINE>
        <COLUMN>19</COLUMN>
        <KEYEVENT>
          <ID>3</ID>
          <KIND>분기</KIND>
          <IMPORTANCE>Full</IMPORTANCE>
          <MESSAGE>이 루프 계속, ('i&lt;((*mapPos))-&gt;y' 가정)</MESSAGE>
        </KEYEVENT>
      </SFA>
      <SFA>
        <FILEPATH>d:\programming\2019\january\01_24\c\c_language\c_game_project\privatelesson\mythinkprintmapandmoveusercharacter</FILEPATH>
        <FILENAME>fun.cpp</FILENAME>
        <LINE>21</LINE>
        <COLUMN>17</COLUMN>
        <KEYEVENT>
          <ID>4</ID>
          <KIND>사용법</KIND>
          <IMPORTANCE>Essential</IMPORTANCE>
          <MESSAGE>'*dPointer'에 쓰기가 잘못됨, (쓰기 가능한 범위를 벗어남)</MESSAGE>
        </KEYEVENT>
      </SFA>
    </PATH>
  </DEFECT><DEFECT>
    <SFA>
      <FILEPATH>d:\programming\2019\january\01_24\c\c_language\c_game_project\privatelesson\mythinkprintmapandmoveusercharacter</FILEPATH>
      <FILENAME>fun.cpp</FILENAME>
      <LINE>29</LINE>
      <COLUMN>21</COLUMN>
    </SFA>
    <DEFECTCODE>6386</DEFECTCODE>
    <DESCRIPTION>'(*dPointer)[i]'에 쓰는 동안 버퍼 오버런이 발생했습니다.  쓰기 가능한 크기는 'sizeof(int)*(unsigned int)((*mapPos))-&gt;x'바이트인데 실제로는 '8'바이트만 쓸 수 있습니다.</DESCRIPTION>
    <FUNCTION>mapLoding</FUNCTION>
    <DECORATED>?mapLoding@@YAXPAPAPAHPADPAPAUpos@@@Z</DECORATED>
    <FUNCLINE>9</FUNCLINE>
    <PROBABILITY>1</PROBABILITY>
    <RANK>4</RANK>
    <CATEGORY>
      <RULECATEGORY>mspft</RULECATEGORY>
    </CATEGORY>
    <PATH>
      <SFA>
        <FILEPATH>d:\programming\2019\january\01_24\c\c_language\c_game_project\privatelesson\mythinkprintmapandmoveusercharacter</FILEPATH>
        <FILENAME>fun.cpp</FILENAME>
        <LINE>11</LINE>
        <COLUMN>7</COLUMN>
      </SFA>
      <SFA>
        <FILEPATH>d:\programming\2019\january\01_24\c\c_language\c_game_project\privatelesson\mythinkprintmapandmoveusercharacter</FILEPATH>
        <FILENAME>fun.cpp</FILENAME>
        <LINE>12</LINE>
        <COLUMN>5</COLUMN>
      </SFA>
      <SFA>
        <FILEPATH>d:\programming\2019\january\01_24\c\c_language\c_game_project\privatelesson\mythinkprintmapandmoveusercharacter</FILEPATH>
        <FILENAME>fun.cpp</FILENAME>
        <LINE>14</LINE>
        <COLUMN>8</COLUMN>
      </SFA>
      <SFA>
        <FILEPATH>d:\programming\2019\january\01_24\c\c_language\c_game_project\privatelesson\mythinkprintmapandmoveusercharacter</FILEPATH>
        <FILENAME>fun.cpp</FILENAME>
        <LINE>15</LINE>
        <COLUMN>9</COLUMN>
      </SFA>
      <SFA>
        <FILEPATH>d:\programming\2019\january\01_24\c\c_language\c_game_project\privatelesson\mythinkprintmapandmoveusercharacter</FILEPATH>
        <FILENAME>fun.cpp</FILENAME>
        <LINE>17</LINE>
        <COLUMN>11</COLUMN>
      </SFA>
      <SFA>
        <FILEPATH>d:\programming\2019\january\01_24\c\c_language\c_game_project\privatelesson\mythinkprintmapandmoveusercharacter</FILEPATH>
        <FILENAME>fun.cpp</FILENAME>
        <LINE>19</LINE>
        <COLUMN>10</COLUMN>
      </SFA>
      <SFA>
        <FILEPATH>d:\programming\2019\january\01_24\c\c_language\c_game_project\privatelesson\mythinkprintmapandmoveusercharacter</FILEPATH>
        <FILENAME>fun.cpp</FILENAME>
        <LINE>19</LINE>
        <COLUMN>19</COLUMN>
      </SFA>
      <SFA>
        <FILEPATH>d:\programming\2019\january\01_24\c\c_language\c_game_project\privatelesson\mythinkprintmapandmoveusercharacter</FILEPATH>
        <FILENAME>fun.cpp</FILENAME>
        <LINE>21</LINE>
        <COLUMN>17</COLUMN>
      </SFA>
      <SFA>
        <FILEPATH>d:\programming\2019\january\01_24\c\c_language\c_game_project\privatelesson\mythinkprintmapandmoveusercharacter</FILEPATH>
        <FILENAME>fun.cpp</FILENAME>
        <LINE>19</LINE>
        <COLUMN>36</COLUMN>
      </SFA>
      <SFA>
        <FILEPATH>d:\programming\2019\january\01_24\c\c_language\c_game_project\privatelesson\mythinkprintmapandmoveusercharacter</FILEPATH>
        <FILENAME>fun.cpp</FILENAME>
        <LINE>19</LINE>
        <COLUMN>19</COLUMN>
      </SFA>
      <SFA>
        <FILEPATH>d:\programming\2019\january\01_24\c\c_language\c_game_project\privatelesson\mythinkprintmapandmoveusercharacter</FILEPATH>
        <FILENAME>fun.cpp</FILENAME>
        <LINE>24</LINE>
        <COLUMN>10</COLUMN>
        <KEYEVENT>
          <ID>1</ID>
          <KIND>선언</KIND>
          <IMPORTANCE>Essential</IMPORTANCE>
          <MESSAGE>'i'이(가) NULL입니다.</MESSAGE>
        </KEYEVENT>
      </SFA>
      <SFA>
        <FILEPATH>d:\programming\2019\january\01_24\c\c_language\c_game_project\privatelesson\mythinkprintmapandmoveusercharacter</FILEPATH>
        <FILENAME>fun.cpp</FILENAME>
        <LINE>24</LINE>
        <COLUMN>19</COLUMN>
        <KEYEVENT>
          <ID>2</ID>
          <KIND>분기</KIND>
          <IMPORTANCE>Full</IMPORTANCE>
          <MESSAGE>이 루프 시작, ('i&lt;((*mapPos))-&gt;y' 가정)</MESSAGE>
        </KEYEVENT>
      </SFA>
      <SFA>
        <FILEPATH>d:\programming\2019\january\01_24\c\c_language\c_game_project\privatelesson\mythinkprintmapandmoveusercharacter</FILEPATH>
        <FILENAME>fun.cpp</FILENAME>
        <LINE>26</LINE>
        <COLUMN>11</COLUMN>
      </SFA>
      <SFA>
        <FILEPATH>d:\programming\2019\january\01_24\c\c_language\c_game_project\privatelesson\mythinkprintmapandmoveusercharacter</FILEPATH>
        <FILENAME>fun.cpp</FILENAME>
        <LINE>26</LINE>
        <COLUMN>20</COLUMN>
        <KEYEVENT>
          <ID>3</ID>
          <KIND>분기</KIND>
          <IMPORTANCE>Full</IMPORTANCE>
          <MESSAGE>이 루프 시작, ('j&lt;((*mapPos))-&gt;x' 가정)</MESSAGE>
        </KEYEVENT>
      </SFA>
      <SFA>
        <FILEPATH>d:\programming\2019\january\01_24\c\c_language\c_game_project\privatelesson\mythinkprintmapandmoveusercharacter</FILEPATH>
        <FILENAME>fun.cpp</FILENAME>
        <LINE>28</LINE>
        <COLUMN>11</COLUMN>
      </SFA>
      <SFA>
        <FILEPATH>d:\programming\2019\january\01_24\c\c_language\c_game_project\privatelesson\mythinkprintmapandmoveusercharacter</FILEPATH>
        <FILENAME>fun.cpp</FILENAME>
        <LINE>29</LINE>
        <COLUMN>21</COLUMN>
      </SFA>
      <SFA>
        <FILEPATH>d:\programming\2019\january\01_24\c\c_language\c_game_project\privatelesson\mythinkprintmapandmoveusercharacter</FILEPATH>
        <FILENAME>fun.cpp</FILENAME>
        <LINE>26</LINE>
        <COLUMN>37</COLUMN>
        <KEYEVENT>
          <ID>4</ID>
          <KIND>선언</KIND>
          <IMPORTANCE>Essential</IMPORTANCE>
          <MESSAGE>'j'이(가) 1과(와) 같을 수 있습니다.</MESSAGE>
        </KEYEVENT>
      </SFA>
      <SFA>
        <FILEPATH>d:\programming\2019\january\01_24\c\c_language\c_game_project\privatelesson\mythinkprintmapandmoveusercharacter</FILEPATH>
        <FILENAME>fun.cpp</FILENAME>
        <LINE>26</LINE>
        <COLUMN>20</COLUMN>
        <KEYEVENT>
          <ID>5</ID>
          <KIND>분기</KIND>
          <IMPORTANCE>Full</IMPORTANCE>
          <MESSAGE>이 루프 계속, ('j&lt;((*mapPos))-&gt;x' 가정)</MESSAGE>
        </KEYEVENT>
      </SFA>
      <SFA>
        <FILEPATH>d:\programming\2019\january\01_24\c\c_language\c_game_project\privatelesson\mythinkprintmapandmoveusercharacter</FILEPATH>
        <FILENAME>fun.cpp</FILENAME>
        <LINE>28</LINE>
        <COLUMN>11</COLUMN>
      </SFA>
      <SFA>
        <FILEPATH>d:\programming\2019\january\01_24\c\c_language\c_game_project\privatelesson\mythinkprintmapandmoveusercharacter</FILEPATH>
        <FILENAME>fun.cpp</FILENAME>
        <LINE>29</LINE>
        <COLUMN>21</COLUMN>
        <KEYEVENT>
          <ID>6</ID>
          <KIND>사용법</KIND>
          <IMPORTANCE>Essential</IMPORTANCE>
          <MESSAGE>'(*dPointer)[i]'에 쓰기가 잘못됨, (쓰기 가능한 범위를 벗어남)</MESSAGE>
        </KEYEVENT>
      </SFA>
    </PATH>
  </DEFECT><DEFECT>
    <SFA>
      <FILEPATH>d:\programming\2019\january\01_24\c\c_language\c_game_project\privatelesson\mythinkprintmapandmoveusercharacter</FILEPATH>
      <FILENAME>fun.cpp</FILENAME>
      <LINE>29</LINE>
      <COLUMN>21</COLUMN>
    </SFA>
    <DEFECTCODE>6011</DEFECTCODE>
    <DESCRIPTION>NULL 포인터 '(*dPointer)[i]'을(를) 역참조하고 있습니다. </DESCRIPTION>
    <FUNCTION>mapLoding</FUNCTION>
    <DECORATED>?mapLoding@@YAXPAPAPAHPADPAPAUpos@@@Z</DECORATED>
    <FUNCLINE>9</FUNCLINE>
    <PROBABILITY>1</PROBABILITY>
    <RANK>4</RANK>
    <CATEGORY>
      <RULECATEGORY>mspft</RULECATEGORY>
    </CATEGORY>
    <PATH>
      <SFA>
        <FILEPATH>d:\programming\2019\january\01_24\c\c_language\c_game_project\privatelesson\mythinkprintmapandmoveusercharacter</FILEPATH>
        <FILENAME>fun.cpp</FILENAME>
        <LINE>11</LINE>
        <COLUMN>7</COLUMN>
      </SFA>
      <SFA>
        <FILEPATH>d:\programming\2019\january\01_24\c\c_language\c_game_project\privatelesson\mythinkprintmapandmoveusercharacter</FILEPATH>
        <FILENAME>fun.cpp</FILENAME>
        <LINE>12</LINE>
        <COLUMN>5</COLUMN>
      </SFA>
      <SFA>
        <FILEPATH>d:\programming\2019\january\01_24\c\c_language\c_game_project\privatelesson\mythinkprintmapandmoveusercharacter</FILEPATH>
        <FILENAME>fun.cpp</FILENAME>
        <LINE>14</LINE>
        <COLUMN>8</COLUMN>
      </SFA>
      <SFA>
        <FILEPATH>d:\programming\2019\january\01_24\c\c_language\c_game_project\privatelesson\mythinkprintmapandmoveusercharacter</FILEPATH>
        <FILENAME>fun.cpp</FILENAME>
        <LINE>15</LINE>
        <COLUMN>9</COLUMN>
      </SFA>
      <SFA>
        <FILEPATH>d:\programming\2019\january\01_24\c\c_language\c_game_project\privatelesson\mythinkprintmapandmoveusercharacter</FILEPATH>
        <FILENAME>fun.cpp</FILENAME>
        <LINE>17</LINE>
        <COLUMN>11</COLUMN>
      </SFA>
      <SFA>
        <FILEPATH>d:\programming\2019\january\01_24\c\c_language\c_game_project\privatelesson\mythinkprintmapandmoveusercharacter</FILEPATH>
        <FILENAME>fun.cpp</FILENAME>
        <LINE>19</LINE>
        <COLUMN>10</COLUMN>
      </SFA>
      <SFA>
        <FILEPATH>d:\programming\2019\january\01_24\c\c_language\c_game_project\privatelesson\mythinkprintmapandmoveusercharacter</FILEPATH>
        <FILENAME>fun.cpp</FILENAME>
        <LINE>19</LINE>
        <COLUMN>19</COLUMN>
      </SFA>
      <SFA>
        <FILEPATH>d:\programming\2019\january\01_24\c\c_language\c_game_project\privatelesson\mythinkprintmapandmoveusercharacter</FILEPATH>
        <FILENAME>fun.cpp</FILENAME>
        <LINE>21</LINE>
        <COLUMN>17</COLUMN>
        <KEYEVENT>
          <ID>1</ID>
          <KIND>선언</KIND>
          <IMPORTANCE>Essential</IMPORTANCE>
          <MESSAGE>'(*dPointer)[i]'은(는) NULL일 수 있습니다.</MESSAGE>
        </KEYEVENT>
      </SFA>
      <SFA>
        <FILEPATH>d:\programming\2019\january\01_24\c\c_language\c_game_project\privatelesson\mythinkprintmapandmoveusercharacter</FILEPATH>
        <FILENAME>fun.cpp</FILENAME>
        <LINE>19</LINE>
        <COLUMN>36</COLUMN>
      </SFA>
      <SFA>
        <FILEPATH>d:\programming\2019\january\01_24\c\c_language\c_game_project\privatelesson\mythinkprintmapandmoveusercharacter</FILEPATH>
        <FILENAME>fun.cpp</FILENAME>
        <LINE>19</LINE>
        <COLUMN>19</COLUMN>
        <KEYEVENT>
          <ID>2</ID>
          <KIND>분기</KIND>
          <IMPORTANCE>Full</IMPORTANCE>
          <MESSAGE>이 루프 종료, ('i&lt;((*mapPos))-&gt;y'이(가) false임)</MESSAGE>
        </KEYEVENT>
      </SFA>
      <SFA>
        <FILEPATH>d:\programming\2019\january\01_24\c\c_language\c_game_project\privatelesson\mythinkprintmapandmoveusercharacter</FILEPATH>
        <FILENAME>fun.cpp</FILENAME>
        <LINE>24</LINE>
        <COLUMN>10</COLUMN>
      </SFA>
      <SFA>
        <FILEPATH>d:\programming\2019\january\01_24\c\c_language\c_game_project\privatelesson\mythinkprintmapandmoveusercharacter</FILEPATH>
        <FILENAME>fun.cpp</FILENAME>
        <LINE>24</LINE>
        <COLUMN>19</COLUMN>
        <KEYEVENT>
          <ID>3</ID>
          <KIND>분기</KIND>
          <IMPORTANCE>Full</IMPORTANCE>
          <MESSAGE>이 루프 시작, ('i&lt;((*mapPos))-&gt;y' 가정)</MESSAGE>
        </KEYEVENT>
      </SFA>
      <SFA>
        <FILEPATH>d:\programming\2019\january\01_24\c\c_language\c_game_project\privatelesson\mythinkprintmapandmoveusercharacter</FILEPATH>
        <FILENAME>fun.cpp</FILENAME>
        <LINE>26</LINE>
        <COLUMN>11</COLUMN>
      </SFA>
      <SFA>
        <FILEPATH>d:\programming\2019\january\01_24\c\c_language\c_game_project\privatelesson\mythinkprintmapandmoveusercharacter</FILEPATH>
        <FILENAME>fun.cpp</FILENAME>
        <LINE>26</LINE>
        <COLUMN>20</COLUMN>
        <KEYEVENT>
          <ID>4</ID>
          <KIND>분기</KIND>
          <IMPORTANCE>Full</IMPORTANCE>
          <MESSAGE>이 루프 시작, ('j&lt;((*mapPos))-&gt;x' 가정)</MESSAGE>
        </KEYEVENT>
      </SFA>
      <SFA>
        <FILEPATH>d:\programming\2019\january\01_24\c\c_language\c_game_project\privatelesson\mythinkprintmapandmoveusercharacter</FILEPATH>
        <FILENAME>fun.cpp</FILENAME>
        <LINE>28</LINE>
        <COLUMN>11</COLUMN>
      </SFA>
      <SFA>
        <FILEPATH>d:\programming\2019\january\01_24\c\c_language\c_game_project\privatelesson\mythinkprintmapandmoveusercharacter</FILEPATH>
        <FILENAME>fun.cpp</FILENAME>
        <LINE>29</LINE>
        <COLUMN>21</COLUMN>
        <KEYEVENT>
          <ID>5</ID>
          <KIND>사용법</KIND>
          <IMPORTANCE>Essential</IMPORTANCE>
          <MESSAGE>'(*dPointer)[i]'이(가) 역참조되었지만 여전히 NULL일 수 있습니다.</MESSAGE>
        </KEYEVENT>
      </SFA>
    </PATH>
  </DEFECT><DEFECT>
    <SFA>
      <FILEPATH>d:\programming\2019\january\01_24\c\c_language\c_game_project\privatelesson\mythinkprintmapandmoveusercharacter</FILEPATH>
      <FILENAME>fun.cpp</FILENAME>
      <LINE>95</LINE>
      <COLUMN>7</COLUMN>
    </SFA>
    <DEFECTCODE>6011</DEFECTCODE>
    <DESCRIPTION>NULL 포인터 'printPos'을(를) 역참조하고 있습니다. </DESCRIPTION>
    <FUNCTION>Move_Character</FUNCTION>
    <DECORATED>?Move_Character@@YAHUpos@@PAU1@HPAPAH@Z</DECORATED>
    <FUNCLINE>36</FUNCLINE>
    <PROBABILITY>1</PROBABILITY>
    <RANK>4</RANK>
    <CATEGORY>
      <RULECATEGORY>mspft</RULECATEGORY>
    </CATEGORY>
    <PATH>
      <SFA>
        <FILEPATH>d:\programming\2019\january\01_24\c\c_language\c_game_project\privatelesson\mythinkprintmapandmoveusercharacter</FILEPATH>
        <FILENAME>fun.cpp</FILENAME>
        <LINE>39</LINE>
        <COLUMN>30</COLUMN>
      </SFA>
      <SFA>
        <FILEPATH>d:\programming\2019\january\01_24\c\c_language\c_game_project\privatelesson\mythinkprintmapandmoveusercharacter</FILEPATH>
        <FILENAME>fun.cpp</FILENAME>
        <LINE>47</LINE>
        <COLUMN>32</COLUMN>
      </SFA>
      <SFA>
        <FILEPATH>d:\programming\2019\january\01_24\c\c_language\c_game_project\privatelesson\mythinkprintmapandmoveusercharacter</FILEPATH>
        <FILENAME>fun.cpp</FILENAME>
        <LINE>55</LINE>
        <COLUMN>32</COLUMN>
      </SFA>
      <SFA>
        <FILEPATH>d:\programming\2019\january\01_24\c\c_language\c_game_project\privatelesson\mythinkprintmapandmoveusercharacter</FILEPATH>
        <FILENAME>fun.cpp</FILENAME>
        <LINE>63</LINE>
        <COLUMN>33</COLUMN>
      </SFA>
      <SFA>
        <FILEPATH>d:\programming\2019\january\01_24\c\c_language\c_game_project\privatelesson\mythinkprintmapandmoveusercharacter</FILEPATH>
        <FILENAME>fun.cpp</FILENAME>
        <LINE>86</LINE>
        <COLUMN>21</COLUMN>
      </SFA>
      <SFA>
        <FILEPATH>d:\programming\2019\january\01_24\c\c_language\c_game_project\privatelesson\mythinkprintmapandmoveusercharacter</FILEPATH>
        <FILENAME>fun.cpp</FILENAME>
        <LINE>90</LINE>
        <COLUMN>7</COLUMN>
      </SFA>
      <SFA>
        <FILEPATH>d:\programming\2019\january\01_24\c\c_language\c_game_project\privatelesson\mythinkprintmapandmoveusercharacter</FILEPATH>
        <FILENAME>fun.cpp</FILENAME>
        <LINE>91</LINE>
        <COLUMN>7</COLUMN>
      </SFA>
      <SFA>
        <FILEPATH>d:\programming\2019\january\01_24\c\c_language\c_game_project\privatelesson\mythinkprintmapandmoveusercharacter</FILEPATH>
        <FILENAME>fun.cpp</FILENAME>
        <LINE>93</LINE>
        <COLUMN>4</COLUMN>
        <KEYEVENT>
          <ID>1</ID>
          <KIND>선언</KIND>
          <IMPORTANCE>Essential</IMPORTANCE>
          <MESSAGE>'printPos'은(는) NULL일 수 있습니다.</MESSAGE>
        </KEYEVENT>
      </SFA>
      <SFA>
        <FILEPATH>d:\programming\2019\january\01_24\c\c_language\c_game_project\privatelesson\mythinkprintmapandmoveusercharacter</FILEPATH>
        <FILENAME>fun.cpp</FILENAME>
        <LINE>94</LINE>
        <COLUMN>17</COLUMN>
        <KEYEVENT>
          <ID>2</ID>
          <KIND>선언</KIND>
          <IMPORTANCE>Full</IMPORTANCE>
          <MESSAGE>'printPos'은(는) 'pos::setPos'(d:\programming\2019\january\01_24\c\c_language\c_game_project\privatelesson\mythinkprintmapandmoveusercharacter\head.h:27에서 선언됨)의 출력입니다.</MESSAGE>
        </KEYEVENT>
      </SFA>
      <SFA>
        <FILEPATH>d:\programming\2019\january\01_24\c\c_language\c_game_project\privatelesson\mythinkprintmapandmoveusercharacter</FILEPATH>
        <FILENAME>fun.cpp</FILENAME>
        <LINE>95</LINE>
        <COLUMN>7</COLUMN>
        <KEYEVENT>
          <ID>3</ID>
          <KIND>사용법</KIND>
          <IMPORTANCE>Full</IMPORTANCE>
          <MESSAGE>'printPos'은(는) 'gotoxy'(d:\programming\2019\january\01_24\c\c_language\c_game_project\privatelesson\mythinkprintmapandmoveusercharacter\head.h:38에서 선언됨)에 대한 입력입니다.</MESSAGE>
        </KEYEVENT>
      </SFA>
      <SFA>
        <FILEPATH>d:\programming\2019\january\01_24\c\c_language\c_game_project\privatelesson\mythinkprintmapandmoveusercharacter</FILEPATH>
        <FILENAME>fun.cpp</FILENAME>
        <LINE>95</LINE>
        <COLUMN>7</COLUMN>
        <KEYEVENT>
          <ID>4</ID>
          <KIND>사용법</KIND>
          <IMPORTANCE>Essential</IMPORTANCE>
          <MESSAGE>'printPos'이(가) 역참조되었지만 여전히 NULL일 수 있습니다.</MESSAGE>
        </KEYEVENT>
      </SFA>
    </PATH>
  </DEFECT><DEFECT>
    <SFA>
      <FILEPATH>d:\programming\2019\january\01_24\c\c_language\c_game_project\privatelesson\mythinkprintmapandmoveusercharacter</FILEPATH>
      <FILENAME>fun.cpp</FILENAME>
      <LINE>168</LINE>
      <COLUMN>10</COLUMN>
    </SFA>
    <DEFECTCODE>6001</DEFECTCODE>
    <DESCRIPTION>초기화되지 않은 메모리 'cols'을(를) 사용하고 있습니다.</DESCRIPTION>
    <FUNCTION>Window_Size_Config</FUNCTION>
    <DECORATED>?Window_Size_Config@@YAXH@Z</DECORATED>
    <FUNCLINE>139</FUNCLINE>
    <PROBABILITY>1</PROBABILITY>
    <RANK>3</RANK>
    <CATEGORY>
      <RULECATEGORY>mspft</RULECATEGORY>
    </CATEGORY>
    <PATH>
      <SFA>
        <FILEPATH>d:\programming\2019\january\01_24\c\c_language\c_game_project\privatelesson\mythinkprintmapandmoveusercharacter</FILEPATH>
        <FILENAME>fun.cpp</FILENAME>
        <LINE>141</LINE>
        <COLUMN>5</COLUMN>
        <KEYEVENT>
          <ID>1</ID>
          <KIND>선언</KIND>
          <IMPORTANCE>Essential</IMPORTANCE>
          <MESSAGE>'cols'이(가) 초기화되지 않았습니다.</MESSAGE>
        </KEYEVENT>
      </SFA>
      <SFA>
        <FILEPATH>d:\programming\2019\january\01_24\c\c_language\c_game_project\privatelesson\mythinkprintmapandmoveusercharacter</FILEPATH>
        <FILENAME>fun.cpp</FILENAME>
        <LINE>142</LINE>
        <COLUMN>5</COLUMN>
      </SFA>
      <SFA>
        <FILEPATH>d:\programming\2019\january\01_24\c\c_language\c_game_project\privatelesson\mythinkprintmapandmoveusercharacter</FILEPATH>
        <FILENAME>fun.cpp</FILENAME>
        <LINE>143</LINE>
        <COLUMN>6</COLUMN>
      </SFA>
      <SFA>
        <FILEPATH>d:\programming\2019\january\01_24\c\c_language\c_game_project\privatelesson\mythinkprintmapandmoveusercharacter</FILEPATH>
        <FILENAME>fun.cpp</FILENAME>
        <LINE>144</LINE>
        <COLUMN>6</COLUMN>
      </SFA>
      <SFA>
        <FILEPATH>d:\programming\2019\january\01_24\c\c_language\c_game_project\privatelesson\mythinkprintmapandmoveusercharacter</FILEPATH>
        <FILENAME>fun.cpp</FILENAME>
        <LINE>146</LINE>
        <COLUMN>6</COLUMN>
      </SFA>
      <SFA>
        <FILEPATH>d:\programming\2019\january\01_24\c\c_language\c_game_project\privatelesson\mythinkprintmapandmoveusercharacter</FILEPATH>
        <FILENAME>fun.cpp</FILENAME>
        <LINE>148</LINE>
        <COLUMN>9</COLUMN>
        <KEYEVENT>
          <ID>2</ID>
          <KIND>분기</KIND>
          <IMPORTANCE>Full</IMPORTANCE>
          <MESSAGE>switch( 'choose' )가 default case로 확인된다고 가정합니다.</MESSAGE>
        </KEYEVENT>
      </SFA>
      <SFA>
        <FILEPATH>d:\programming\2019\january\01_24\c\c_language\c_game_project\privatelesson\mythinkprintmapandmoveusercharacter</FILEPATH>
        <FILENAME>fun.cpp</FILENAME>
        <LINE>165</LINE>
        <COLUMN>1</COLUMN>
      </SFA>
      <SFA>
        <FILEPATH>d:\programming\2019\january\01_24\c\c_language\c_game_project\privatelesson\mythinkprintmapandmoveusercharacter</FILEPATH>
        <FILENAME>fun.cpp</FILENAME>
        <LINE>168</LINE>
        <COLUMN>10</COLUMN>
        <KEYEVENT>
          <ID>3</ID>
          <KIND>선언</KIND>
          <IMPORTANCE>Full</IMPORTANCE>
          <MESSAGE>'cols'은(는) 'sprintf_s'(c:\program files (x86)\windows kits\10\include\10.0.17763.0\ucrt\stdio.h:1833에서 선언됨)에 대한 In/Out 인수입니다.</MESSAGE>
        </KEYEVENT>
      </SFA>
      <SFA>
        <FILEPATH>d:\programming\2019\january\01_24\c\c_language\c_game_project\privatelesson\mythinkprintmapandmoveusercharacter</FILEPATH>
        <FILENAME>fun.cpp</FILENAME>
        <LINE>168</LINE>
        <COLUMN>10</COLUMN>
        <KEYEVENT>
          <ID>4</ID>
          <KIND>사용법</KIND>
          <IMPORTANCE>Essential</IMPORTANCE>
          <MESSAGE>'cols'이(가) 사용되는데 초기화되지 않았을 수 있습니다.</MESSAGE>
        </KEYEVENT>
      </SFA>
    </PATH>
  </DEFECT><DEFECT>
    <SFA>
      <FILEPATH>d:\programming\2019\january\01_24\c\c_language\c_game_project\privatelesson\mythinkprintmapandmoveusercharacter</FILEPATH>
      <FILENAME>fun.cpp</FILENAME>
      <LINE>169</LINE>
      <COLUMN>10</COLUMN>
    </SFA>
    <DEFECTCODE>6001</DEFECTCODE>
    <DESCRIPTION>초기화되지 않은 메모리 'lines'을(를) 사용하고 있습니다.</DESCRIPTION>
    <FUNCTION>Window_Size_Config</FUNCTION>
    <DECORATED>?Window_Size_Config@@YAXH@Z</DECORATED>
    <FUNCLINE>139</FUNCLINE>
    <PROBABILITY>1</PROBABILITY>
    <RANK>3</RANK>
    <CATEGORY>
      <RULECATEGORY>mspft</RULECATEGORY>
    </CATEGORY>
    <PATH>
      <SFA>
        <FILEPATH>d:\programming\2019\january\01_24\c\c_language\c_game_project\privatelesson\mythinkprintmapandmoveusercharacter</FILEPATH>
        <FILENAME>fun.cpp</FILENAME>
        <LINE>141</LINE>
        <COLUMN>5</COLUMN>
      </SFA>
      <SFA>
        <FILEPATH>d:\programming\2019\january\01_24\c\c_language\c_game_project\privatelesson\mythinkprintmapandmoveusercharacter</FILEPATH>
        <FILENAME>fun.cpp</FILENAME>
        <LINE>142</LINE>
        <COLUMN>5</COLUMN>
        <KEYEVENT>
          <ID>1</ID>
          <KIND>선언</KIND>
          <IMPORTANCE>Essential</IMPORTANCE>
          <MESSAGE>'lines'이(가) 초기화되지 않았습니다.</MESSAGE>
        </KEYEVENT>
      </SFA>
      <SFA>
        <FILEPATH>d:\programming\2019\january\01_24\c\c_language\c_game_project\privatelesson\mythinkprintmapandmoveusercharacter</FILEPATH>
        <FILENAME>fun.cpp</FILENAME>
        <LINE>143</LINE>
        <COLUMN>6</COLUMN>
      </SFA>
      <SFA>
        <FILEPATH>d:\programming\2019\january\01_24\c\c_language\c_game_project\privatelesson\mythinkprintmapandmoveusercharacter</FILEPATH>
        <FILENAME>fun.cpp</FILENAME>
        <LINE>144</LINE>
        <COLUMN>6</COLUMN>
      </SFA>
      <SFA>
        <FILEPATH>d:\programming\2019\january\01_24\c\c_language\c_game_project\privatelesson\mythinkprintmapandmoveusercharacter</FILEPATH>
        <FILENAME>fun.cpp</FILENAME>
        <LINE>146</LINE>
        <COLUMN>6</COLUMN>
      </SFA>
      <SFA>
        <FILEPATH>d:\programming\2019\january\01_24\c\c_language\c_game_project\privatelesson\mythinkprintmapandmoveusercharacter</FILEPATH>
        <FILENAME>fun.cpp</FILENAME>
        <LINE>148</LINE>
        <COLUMN>9</COLUMN>
        <KEYEVENT>
          <ID>2</ID>
          <KIND>분기</KIND>
          <IMPORTANCE>Full</IMPORTANCE>
          <MESSAGE>switch( 'choose' )가 default case로 확인된다고 가정합니다.</MESSAGE>
        </KEYEVENT>
      </SFA>
      <SFA>
        <FILEPATH>d:\programming\2019\january\01_24\c\c_language\c_game_project\privatelesson\mythinkprintmapandmoveusercharacter</FILEPATH>
        <FILENAME>fun.cpp</FILENAME>
        <LINE>165</LINE>
        <COLUMN>1</COLUMN>
      </SFA>
      <SFA>
        <FILEPATH>d:\programming\2019\january\01_24\c\c_language\c_game_project\privatelesson\mythinkprintmapandmoveusercharacter</FILEPATH>
        <FILENAME>fun.cpp</FILENAME>
        <LINE>168</LINE>
        <COLUMN>10</COLUMN>
      </SFA>
      <SFA>
        <FILEPATH>d:\programming\2019\january\01_24\c\c_language\c_game_project\privatelesson\mythinkprintmapandmoveusercharacter</FILEPATH>
        <FILENAME>fun.cpp</FILENAME>
        <LINE>169</LINE>
        <COLUMN>10</COLUMN>
        <KEYEVENT>
          <ID>3</ID>
          <KIND>선언</KIND>
          <IMPORTANCE>Full</IMPORTANCE>
          <MESSAGE>'lines'은(는) 'sprintf_s'(c:\program files (x86)\windows kits\10\include\10.0.17763.0\ucrt\stdio.h:1833에서 선언됨)에 대한 In/Out 인수입니다.</MESSAGE>
        </KEYEVENT>
      </SFA>
      <SFA>
        <FILEPATH>d:\programming\2019\january\01_24\c\c_language\c_game_project\privatelesson\mythinkprintmapandmoveusercharacter</FILEPATH>
        <FILENAME>fun.cpp</FILENAME>
        <LINE>169</LINE>
        <COLUMN>10</COLUMN>
        <KEYEVENT>
          <ID>4</ID>
          <KIND>사용법</KIND>
          <IMPORTANCE>Essential</IMPORTANCE>
          <MESSAGE>'lines'이(가) 사용되는데 초기화되지 않았을 수 있습니다.</MESSAGE>
        </KEYEVENT>
      </SFA>
    </PATH>
  </DEFECT></DEFECTS>