<?xml version="1.0" encoding="UTF-8"?>
<DEFECTS>
  <DEFECT>
    <SFA>
      <FILEPATH>d:\programming\2019\january\01_24\c\c_language\c_game_project\privatelesson\mythinkprintmapandmoveusercharacter</FILEPATH>
      <FILENAME>main.cpp</FILENAME>
      <LINE>106</LINE>
      <COLUMN>29</COLUMN>
    </SFA>
    <DEFECTCODE>6011</DEFECTCODE>
    <DESCRIPTION>NULL 포인터 'curMapLocation[i]'을(를) 역참조하고 있습니다. </DESCRIPTION>
    <FUNCTION>main</FUNCTION>
    <DECORATED>main</DECORATED>
    <FUNCLINE>3</FUNCLINE>
    <PROBABILITY>1</PROBABILITY>
    <RANK>4</RANK>
    <CATEGORY>
      <RULECATEGORY>mspft</RULECATEGORY>
    </CATEGORY>
    <PATH>
      <SFA>
        <FILEPATH>d:\programming\2019\january\01_24\c\c_language\c_game_project\privatelesson\mythinkprintmapandmoveusercharacter</FILEPATH>
        <FILENAME>main.cpp</FILENAME>
        <LINE>5</LINE>
        <COLUMN>5</COLUMN>
      </SFA>
      <SFA>
        <FILEPATH>d:\programming\2019\january\01_24\c\c_language\c_game_project\privatelesson\mythinkprintmapandmoveusercharacter</FILEPATH>
        <FILENAME>main.cpp</FILENAME>
        <LINE>6</LINE>
        <COLUMN>5</COLUMN>
      </SFA>
      <SFA>
        <FILEPATH>d:\programming\2019\january\01_24\c\c_language\c_game_project\privatelesson\mythinkprintmapandmoveusercharacter</FILEPATH>
        <FILENAME>main.cpp</FILENAME>
        <LINE>7</LINE>
        <COLUMN>6</COLUMN>
      </SFA>
      <SFA>
        <FILEPATH>d:\programming\2019\january\01_24\c\c_language\c_game_project\privatelesson\mythinkprintmapandmoveusercharacter</FILEPATH>
        <FILENAME>main.cpp</FILENAME>
        <LINE>9</LINE>
        <COLUMN>17</COLUMN>
      </SFA>
      <SFA>
        <FILEPATH>d:\programming\2019\january\01_24\c\c_language\c_game_project\privatelesson\mythinkprintmapandmoveusercharacter</FILEPATH>
        <FILENAME>main.cpp</FILENAME>
        <LINE>10</LINE>
        <COLUMN>19</COLUMN>
      </SFA>
      <SFA>
        <FILEPATH>d:\programming\2019\january\01_24\c\c_language\c_game_project\privatelesson\mythinkprintmapandmoveusercharacter</FILEPATH>
        <FILENAME>main.cpp</FILENAME>
        <LINE>12</LINE>
        <COLUMN>5</COLUMN>
      </SFA>
      <SFA>
        <FILEPATH>d:\programming\2019\january\01_24\c\c_language\c_game_project\privatelesson\mythinkprintmapandmoveusercharacter</FILEPATH>
        <FILENAME>main.cpp</FILENAME>
        <LINE>13</LINE>
        <COLUMN>5</COLUMN>
      </SFA>
      <SFA>
        <FILEPATH>d:\programming\2019\january\01_24\c\c_language\c_game_project\privatelesson\mythinkprintmapandmoveusercharacter</FILEPATH>
        <FILENAME>main.cpp</FILENAME>
        <LINE>15</LINE>
        <COLUMN>8</COLUMN>
      </SFA>
      <SFA>
        <FILEPATH>d:\programming\2019\january\01_24\c\c_language\c_game_project\privatelesson\mythinkprintmapandmoveusercharacter</FILEPATH>
        <FILENAME>main.cpp</FILENAME>
        <LINE>17</LINE>
        <COLUMN>20</COLUMN>
      </SFA>
      <SFA>
        <FILEPATH>d:\programming\2019\january\01_24\c\c_language\c_game_project\privatelesson\mythinkprintmapandmoveusercharacter</FILEPATH>
        <FILENAME>main.cpp</FILENAME>
        <LINE>18</LINE>
        <COLUMN>22</COLUMN>
      </SFA>
      <SFA>
        <FILEPATH>d:\programming\2019\january\01_24\c\c_language\c_game_project\privatelesson\mythinkprintmapandmoveusercharacter</FILEPATH>
        <FILENAME>main.cpp</FILENAME>
        <LINE>20</LINE>
        <COLUMN>13</COLUMN>
      </SFA>
      <SFA>
        <FILEPATH>d:\programming\2019\january\01_24\c\c_language\c_game_project\privatelesson\mythinkprintmapandmoveusercharacter</FILEPATH>
        <FILENAME>main.cpp</FILENAME>
        <LINE>21</LINE>
        <COLUMN>12</COLUMN>
      </SFA>
      <SFA>
        <FILEPATH>d:\programming\2019\january\01_24\c\c_language\c_game_project\privatelesson\mythinkprintmapandmoveusercharacter</FILEPATH>
        <FILENAME>main.cpp</FILENAME>
        <LINE>23</LINE>
        <COLUMN>8</COLUMN>
      </SFA>
      <SFA>
        <FILEPATH>d:\programming\2019\january\01_24\c\c_language\c_game_project\privatelesson\mythinkprintmapandmoveusercharacter</FILEPATH>
        <FILENAME>main.cpp</FILENAME>
        <LINE>24</LINE>
        <COLUMN>7</COLUMN>
      </SFA>
      <SFA>
        <FILEPATH>d:\programming\2019\january\01_24\c\c_language\c_game_project\privatelesson\mythinkprintmapandmoveusercharacter</FILEPATH>
        <FILENAME>main.cpp</FILENAME>
        <LINE>25</LINE>
        <COLUMN>8</COLUMN>
      </SFA>
      <SFA>
        <FILEPATH>d:\programming\2019\january\01_24\c\c_language\c_game_project\privatelesson\mythinkprintmapandmoveusercharacter</FILEPATH>
        <FILENAME>main.cpp</FILENAME>
        <LINE>27</LINE>
        <COLUMN>17</COLUMN>
      </SFA>
      <SFA>
        <FILEPATH>d:\programming\2019\january\01_24\c\c_language\c_game_project\privatelesson\mythinkprintmapandmoveusercharacter</FILEPATH>
        <FILENAME>main.cpp</FILENAME>
        <LINE>29</LINE>
        <COLUMN>10</COLUMN>
      </SFA>
      <SFA>
        <FILEPATH>d:\programming\2019\january\01_24\c\c_language\c_game_project\privatelesson\mythinkprintmapandmoveusercharacter</FILEPATH>
        <FILENAME>main.cpp</FILENAME>
        <LINE>31</LINE>
        <COLUMN>22</COLUMN>
      </SFA>
      <SFA>
        <FILEPATH>d:\programming\2019\january\01_24\c\c_language\c_game_project\privatelesson\mythinkprintmapandmoveusercharacter</FILEPATH>
        <FILENAME>main.cpp</FILENAME>
        <LINE>33</LINE>
        <COLUMN>7</COLUMN>
      </SFA>
      <SFA>
        <FILEPATH>d:\programming\2019\january\01_24\c\c_language\c_game_project\privatelesson\mythinkprintmapandmoveusercharacter</FILEPATH>
        <FILENAME>main.cpp</FILENAME>
        <LINE>34</LINE>
        <COLUMN>8</COLUMN>
      </SFA>
      <SFA>
        <FILEPATH>d:\programming\2019\january\01_24\c\c_language\c_game_project\privatelesson\mythinkprintmapandmoveusercharacter</FILEPATH>
        <FILENAME>main.cpp</FILENAME>
        <LINE>35</LINE>
        <COLUMN>14</COLUMN>
      </SFA>
      <SFA>
        <FILEPATH>d:\programming\2019\january\01_24\c\c_language\c_game_project\privatelesson\mythinkprintmapandmoveusercharacter</FILEPATH>
        <FILENAME>main.cpp</FILENAME>
        <LINE>36</LINE>
        <COLUMN>14</COLUMN>
      </SFA>
      <SFA>
        <FILEPATH>d:\programming\2019\january\01_24\c\c_language\c_game_project\privatelesson\mythinkprintmapandmoveusercharacter</FILEPATH>
        <FILENAME>main.cpp</FILENAME>
        <LINE>38</LINE>
        <COLUMN>9</COLUMN>
      </SFA>
      <SFA>
        <FILEPATH>d:\programming\2019\january\01_24\c\c_language\c_game_project\privatelesson\mythinkprintmapandmoveusercharacter</FILEPATH>
        <FILENAME>main.cpp</FILENAME>
        <LINE>39</LINE>
        <COLUMN>14</COLUMN>
      </SFA>
      <SFA>
        <FILEPATH>d:\programming\2019\january\01_24\c\c_language\c_game_project\privatelesson\mythinkprintmapandmoveusercharacter</FILEPATH>
        <FILENAME>main.cpp</FILENAME>
        <LINE>40</LINE>
        <COLUMN>14</COLUMN>
      </SFA>
      <SFA>
        <FILEPATH>d:\programming\2019\january\01_24\c\c_language\c_game_project\privatelesson\mythinkprintmapandmoveusercharacter</FILEPATH>
        <FILENAME>main.cpp</FILENAME>
        <LINE>41</LINE>
        <COLUMN>14</COLUMN>
      </SFA>
      <SFA>
        <FILEPATH>d:\programming\2019\january\01_24\c\c_language\c_game_project\privatelesson\mythinkprintmapandmoveusercharacter</FILEPATH>
        <FILENAME>main.cpp</FILENAME>
        <LINE>43</LINE>
        <COLUMN>8</COLUMN>
      </SFA>
      <SFA>
        <FILEPATH>d:\programming\2019\january\01_24\c\c_language\c_game_project\privatelesson\mythinkprintmapandmoveusercharacter</FILEPATH>
        <FILENAME>main.cpp</FILENAME>
        <LINE>44</LINE>
        <COLUMN>10</COLUMN>
      </SFA>
      <SFA>
        <FILEPATH>d:\programming\2019\january\01_24\c\c_language\c_game_project\privatelesson\mythinkprintmapandmoveusercharacter</FILEPATH>
        <FILENAME>main.cpp</FILENAME>
        <LINE>46</LINE>
        <COLUMN>12</COLUMN>
      </SFA>
      <SFA>
        <FILEPATH>d:\programming\2019\january\01_24\c\c_language\c_game_project\privatelesson\mythinkprintmapandmoveusercharacter</FILEPATH>
        <FILENAME>main.cpp</FILENAME>
        <LINE>78</LINE>
        <COLUMN>4</COLUMN>
      </SFA>
      <SFA>
        <FILEPATH>d:\programming\2019\january\01_24\c\c_language\c_game_project\privatelesson\mythinkprintmapandmoveusercharacter</FILEPATH>
        <FILENAME>main.cpp</FILENAME>
        <LINE>79</LINE>
        <COLUMN>11</COLUMN>
      </SFA>
      <SFA>
        <FILEPATH>d:\programming\2019\january\01_24\c\c_language\c_game_project\privatelesson\mythinkprintmapandmoveusercharacter</FILEPATH>
        <FILENAME>main.cpp</FILENAME>
        <LINE>80</LINE>
        <COLUMN>9</COLUMN>
      </SFA>
      <SFA>
        <FILEPATH>d:\programming\2019\january\01_24\c\c_language\c_game_project\privatelesson\mythinkprintmapandmoveusercharacter</FILEPATH>
        <FILENAME>main.cpp</FILENAME>
        <LINE>81</LINE>
        <COLUMN>9</COLUMN>
      </SFA>
      <SFA>
        <FILEPATH>d:\programming\2019\january\01_24\c\c_language\c_game_project\privatelesson\mythinkprintmapandmoveusercharacter</FILEPATH>
        <FILENAME>main.cpp</FILENAME>
        <LINE>82</LINE>
        <COLUMN>9</COLUMN>
      </SFA>
      <SFA>
        <FILEPATH>d:\programming\2019\january\01_24\c\c_language\c_game_project\privatelesson\mythinkprintmapandmoveusercharacter</FILEPATH>
        <FILENAME>main.cpp</FILENAME>
        <LINE>83</LINE>
        <COLUMN>9</COLUMN>
      </SFA>
      <SFA>
        <FILEPATH>d:\programming\2019\january\01_24\c\c_language\c_game_project\privatelesson\mythinkprintmapandmoveusercharacter</FILEPATH>
        <FILENAME>main.cpp</FILENAME>
        <LINE>85</LINE>
        <COLUMN>8</COLUMN>
      </SFA>
      <SFA>
        <FILEPATH>d:\programming\2019\january\01_24\c\c_language\c_game_project\privatelesson\mythinkprintmapandmoveusercharacter</FILEPATH>
        <FILENAME>main.cpp</FILENAME>
        <LINE>86</LINE>
        <COLUMN>22</COLUMN>
      </SFA>
      <SFA>
        <FILEPATH>d:\programming\2019\january\01_24\c\c_language\c_game_project\privatelesson\mythinkprintmapandmoveusercharacter</FILEPATH>
        <FILENAME>main.cpp</FILENAME>
        <LINE>88</LINE>
        <COLUMN>13</COLUMN>
      </SFA>
      <SFA>
        <FILEPATH>d:\programming\2019\january\01_24\c\c_language\c_game_project\privatelesson\mythinkprintmapandmoveusercharacter</FILEPATH>
        <FILENAME>main.cpp</FILENAME>
        <LINE>89</LINE>
        <COLUMN>14</COLUMN>
      </SFA>
      <SFA>
        <FILEPATH>d:\programming\2019\january\01_24\c\c_language\c_game_project\privatelesson\mythinkprintmapandmoveusercharacter</FILEPATH>
        <FILENAME>main.cpp</FILENAME>
        <LINE>91</LINE>
        <COLUMN>20</COLUMN>
      </SFA>
      <SFA>
        <FILEPATH>d:\programming\2019\january\01_24\c\c_language\c_game_project\privatelesson\mythinkprintmapandmoveusercharacter</FILEPATH>
        <FILENAME>main.cpp</FILENAME>
        <LINE>93</LINE>
        <COLUMN>14</COLUMN>
      </SFA>
      <SFA>
        <FILEPATH>d:\programming\2019\january\01_24\c\c_language\c_game_project\privatelesson\mythinkprintmapandmoveusercharacter</FILEPATH>
        <FILENAME>main.cpp</FILENAME>
        <LINE>93</LINE>
        <COLUMN>23</COLUMN>
      </SFA>
      <SFA>
        <FILEPATH>d:\programming\2019\january\01_24\c\c_language\c_game_project\privatelesson\mythinkprintmapandmoveusercharacter</FILEPATH>
        <FILENAME>main.cpp</FILENAME>
        <LINE>95</LINE>
        <COLUMN>24</COLUMN>
      </SFA>
      <SFA>
        <FILEPATH>d:\programming\2019\january\01_24\c\c_language\c_game_project\privatelesson\mythinkprintmapandmoveusercharacter</FILEPATH>
        <FILENAME>main.cpp</FILENAME>
        <LINE>93</LINE>
        <COLUMN>39</COLUMN>
      </SFA>
      <SFA>
        <FILEPATH>d:\programming\2019\january\01_24\c\c_language\c_game_project\privatelesson\mythinkprintmapandmoveusercharacter</FILEPATH>
        <FILENAME>main.cpp</FILENAME>
        <LINE>93</LINE>
        <COLUMN>23</COLUMN>
      </SFA>
      <SFA>
        <FILEPATH>d:\programming\2019\january\01_24\c\c_language\c_game_project\privatelesson\mythinkprintmapandmoveusercharacter</FILEPATH>
        <FILENAME>main.cpp</FILENAME>
        <LINE>95</LINE>
        <COLUMN>24</COLUMN>
        <KEYEVENT>
          <ID>1</ID>
          <KIND>선언</KIND>
          <IMPORTANCE>Essential</IMPORTANCE>
          <MESSAGE>'curMapLocation[i]'은(는) NULL일 수 있습니다.</MESSAGE>
        </KEYEVENT>
      </SFA>
      <SFA>
        <FILEPATH>d:\programming\2019\january\01_24\c\c_language\c_game_project\privatelesson\mythinkprintmapandmoveusercharacter</FILEPATH>
        <FILENAME>main.cpp</FILENAME>
        <LINE>93</LINE>
        <COLUMN>39</COLUMN>
      </SFA>
      <SFA>
        <FILEPATH>d:\programming\2019\january\01_24\c\c_language\c_game_project\privatelesson\mythinkprintmapandmoveusercharacter</FILEPATH>
        <FILENAME>main.cpp</FILENAME>
        <LINE>93</LINE>
        <COLUMN>23</COLUMN>
        <KEYEVENT>
          <ID>2</ID>
          <KIND>분기</KIND>
          <IMPORTANCE>Full</IMPORTANCE>
          <MESSAGE>이 루프 계속, ('i&lt;curMapMax_Y' 가정)</MESSAGE>
        </KEYEVENT>
      </SFA>
      <SFA>
        <FILEPATH>d:\programming\2019\january\01_24\c\c_language\c_game_project\privatelesson\mythinkprintmapandmoveusercharacter</FILEPATH>
        <FILENAME>main.cpp</FILENAME>
        <LINE>98</LINE>
        <COLUMN>9</COLUMN>
      </SFA>
      <SFA>
        <FILEPATH>d:\programming\2019\january\01_24\c\c_language\c_game_project\privatelesson\mythinkprintmapandmoveusercharacter</FILEPATH>
        <FILENAME>main.cpp</FILENAME>
        <LINE>100</LINE>
        <COLUMN>12</COLUMN>
        <KEYEVENT>
          <ID>3</ID>
          <KIND>분기</KIND>
          <IMPORTANCE>Full</IMPORTANCE>
          <MESSAGE>이 루프 시작, ('1' 가정)</MESSAGE>
        </KEYEVENT>
      </SFA>
      <SFA>
        <FILEPATH>d:\programming\2019\january\01_24\c\c_language\c_game_project\privatelesson\mythinkprintmapandmoveusercharacter</FILEPATH>
        <FILENAME>main.cpp</FILENAME>
        <LINE>102</LINE>
        <COLUMN>15</COLUMN>
      </SFA>
      <SFA>
        <FILEPATH>d:\programming\2019\january\01_24\c\c_language\c_game_project\privatelesson\mythinkprintmapandmoveusercharacter</FILEPATH>
        <FILENAME>main.cpp</FILENAME>
        <LINE>102</LINE>
        <COLUMN>24</COLUMN>
        <KEYEVENT>
          <ID>4</ID>
          <KIND>분기</KIND>
          <IMPORTANCE>Full</IMPORTANCE>
          <MESSAGE>이 루프 시작, ('i&lt;curMapMax_Y' 가정)</MESSAGE>
        </KEYEVENT>
      </SFA>
      <SFA>
        <FILEPATH>d:\programming\2019\january\01_24\c\c_language\c_game_project\privatelesson\mythinkprintmapandmoveusercharacter</FILEPATH>
        <FILENAME>main.cpp</FILENAME>
        <LINE>104</LINE>
        <COLUMN>16</COLUMN>
      </SFA>
      <SFA>
        <FILEPATH>d:\programming\2019\january\01_24\c\c_language\c_game_project\privatelesson\mythinkprintmapandmoveusercharacter</FILEPATH>
        <FILENAME>main.cpp</FILENAME>
        <LINE>104</LINE>
        <COLUMN>25</COLUMN>
        <KEYEVENT>
          <ID>5</ID>
          <KIND>분기</KIND>
          <IMPORTANCE>Full</IMPORTANCE>
          <MESSAGE>이 루프 시작, ('j&lt;curMapMax_X' 가정)</MESSAGE>
        </KEYEVENT>
      </SFA>
      <SFA>
        <FILEPATH>d:\programming\2019\january\01_24\c\c_language\c_game_project\privatelesson\mythinkprintmapandmoveusercharacter</FILEPATH>
        <FILENAME>main.cpp</FILENAME>
        <LINE>106</LINE>
        <COLUMN>29</COLUMN>
        <KEYEVENT>
          <ID>6</ID>
          <KIND>사용법</KIND>
          <IMPORTANCE>Essential</IMPORTANCE>
          <MESSAGE>'curMapLocation[i]'이(가) 역참조되었지만 여전히 NULL일 수 있습니다.</MESSAGE>
        </KEYEVENT>
      </SFA>
    </PATH>
  </DEFECT>
  <DEFECT>
    <SFA>
      <FILEPATH>d:\programming\2019\january\01_24\c\c_language\c_game_project\privatelesson\mythinkprintmapandmoveusercharacter</FILEPATH>
      <FILENAME>main.cpp</FILENAME>
      <LINE>123</LINE>
      <COLUMN>61</COLUMN>
    </SFA>
    <DEFECTCODE>6011</DEFECTCODE>
    <DESCRIPTION>NULL 포인터 'curMapLocation[userInfo_xy.y-2]'을(를) 역참조하고 있습니다. 이 오류가 발생할 수 있는 이전 위치는 줄 106을(를) 참조하십시오.</DESCRIPTION>
    <FUNCTION>main</FUNCTION>
    <DECORATED>main</DECORATED>
    <FUNCLINE>3</FUNCLINE>
    <PROBABILITY>1</PROBABILITY>
    <RANK>4</RANK>
    <CATEGORY>
      <RULECATEGORY>mspft</RULECATEGORY>
    </CATEGORY>
    <PATH>
      <SFA>
        <FILEPATH>d:\programming\2019\january\01_24\c\c_language\c_game_project\privatelesson\mythinkprintmapandmoveusercharacter</FILEPATH>
        <FILENAME>main.cpp</FILENAME>
        <LINE>5</LINE>
        <COLUMN>5</COLUMN>
      </SFA>
      <SFA>
        <FILEPATH>d:\programming\2019\january\01_24\c\c_language\c_game_project\privatelesson\mythinkprintmapandmoveusercharacter</FILEPATH>
        <FILENAME>main.cpp</FILENAME>
        <LINE>6</LINE>
        <COLUMN>5</COLUMN>
      </SFA>
      <SFA>
        <FILEPATH>d:\programming\2019\january\01_24\c\c_language\c_game_project\privatelesson\mythinkprintmapandmoveusercharacter</FILEPATH>
        <FILENAME>main.cpp</FILENAME>
        <LINE>7</LINE>
        <COLUMN>6</COLUMN>
      </SFA>
      <SFA>
        <FILEPATH>d:\programming\2019\january\01_24\c\c_language\c_game_project\privatelesson\mythinkprintmapandmoveusercharacter</FILEPATH>
        <FILENAME>main.cpp</FILENAME>
        <LINE>9</LINE>
        <COLUMN>17</COLUMN>
      </SFA>
      <SFA>
        <FILEPATH>d:\programming\2019\january\01_24\c\c_language\c_game_project\privatelesson\mythinkprintmapandmoveusercharacter</FILEPATH>
        <FILENAME>main.cpp</FILENAME>
        <LINE>10</LINE>
        <COLUMN>19</COLUMN>
      </SFA>
      <SFA>
        <FILEPATH>d:\programming\2019\january\01_24\c\c_language\c_game_project\privatelesson\mythinkprintmapandmoveusercharacter</FILEPATH>
        <FILENAME>main.cpp</FILENAME>
        <LINE>12</LINE>
        <COLUMN>5</COLUMN>
      </SFA>
      <SFA>
        <FILEPATH>d:\programming\2019\january\01_24\c\c_language\c_game_project\privatelesson\mythinkprintmapandmoveusercharacter</FILEPATH>
        <FILENAME>main.cpp</FILENAME>
        <LINE>13</LINE>
        <COLUMN>5</COLUMN>
      </SFA>
      <SFA>
        <FILEPATH>d:\programming\2019\january\01_24\c\c_language\c_game_project\privatelesson\mythinkprintmapandmoveusercharacter</FILEPATH>
        <FILENAME>main.cpp</FILENAME>
        <LINE>15</LINE>
        <COLUMN>8</COLUMN>
      </SFA>
      <SFA>
        <FILEPATH>d:\programming\2019\january\01_24\c\c_language\c_game_project\privatelesson\mythinkprintmapandmoveusercharacter</FILEPATH>
        <FILENAME>main.cpp</FILENAME>
        <LINE>17</LINE>
        <COLUMN>20</COLUMN>
      </SFA>
      <SFA>
        <FILEPATH>d:\programming\2019\january\01_24\c\c_language\c_game_project\privatelesson\mythinkprintmapandmoveusercharacter</FILEPATH>
        <FILENAME>main.cpp</FILENAME>
        <LINE>18</LINE>
        <COLUMN>22</COLUMN>
      </SFA>
      <SFA>
        <FILEPATH>d:\programming\2019\january\01_24\c\c_language\c_game_project\privatelesson\mythinkprintmapandmoveusercharacter</FILEPATH>
        <FILENAME>main.cpp</FILENAME>
        <LINE>20</LINE>
        <COLUMN>13</COLUMN>
      </SFA>
      <SFA>
        <FILEPATH>d:\programming\2019\january\01_24\c\c_language\c_game_project\privatelesson\mythinkprintmapandmoveusercharacter</FILEPATH>
        <FILENAME>main.cpp</FILENAME>
        <LINE>21</LINE>
        <COLUMN>12</COLUMN>
      </SFA>
      <SFA>
        <FILEPATH>d:\programming\2019\january\01_24\c\c_language\c_game_project\privatelesson\mythinkprintmapandmoveusercharacter</FILEPATH>
        <FILENAME>main.cpp</FILENAME>
        <LINE>23</LINE>
        <COLUMN>8</COLUMN>
      </SFA>
      <SFA>
        <FILEPATH>d:\programming\2019\january\01_24\c\c_language\c_game_project\privatelesson\mythinkprintmapandmoveusercharacter</FILEPATH>
        <FILENAME>main.cpp</FILENAME>
        <LINE>24</LINE>
        <COLUMN>7</COLUMN>
      </SFA>
      <SFA>
        <FILEPATH>d:\programming\2019\january\01_24\c\c_language\c_game_project\privatelesson\mythinkprintmapandmoveusercharacter</FILEPATH>
        <FILENAME>main.cpp</FILENAME>
        <LINE>25</LINE>
        <COLUMN>8</COLUMN>
      </SFA>
      <SFA>
        <FILEPATH>d:\programming\2019\january\01_24\c\c_language\c_game_project\privatelesson\mythinkprintmapandmoveusercharacter</FILEPATH>
        <FILENAME>main.cpp</FILENAME>
        <LINE>27</LINE>
        <COLUMN>17</COLUMN>
      </SFA>
      <SFA>
        <FILEPATH>d:\programming\2019\january\01_24\c\c_language\c_game_project\privatelesson\mythinkprintmapandmoveusercharacter</FILEPATH>
        <FILENAME>main.cpp</FILENAME>
        <LINE>29</LINE>
        <COLUMN>10</COLUMN>
      </SFA>
      <SFA>
        <FILEPATH>d:\programming\2019\january\01_24\c\c_language\c_game_project\privatelesson\mythinkprintmapandmoveusercharacter</FILEPATH>
        <FILENAME>main.cpp</FILENAME>
        <LINE>31</LINE>
        <COLUMN>22</COLUMN>
      </SFA>
      <SFA>
        <FILEPATH>d:\programming\2019\january\01_24\c\c_language\c_game_project\privatelesson\mythinkprintmapandmoveusercharacter</FILEPATH>
        <FILENAME>main.cpp</FILENAME>
        <LINE>33</LINE>
        <COLUMN>7</COLUMN>
      </SFA>
      <SFA>
        <FILEPATH>d:\programming\2019\january\01_24\c\c_language\c_game_project\privatelesson\mythinkprintmapandmoveusercharacter</FILEPATH>
        <FILENAME>main.cpp</FILENAME>
        <LINE>34</LINE>
        <COLUMN>8</COLUMN>
      </SFA>
      <SFA>
        <FILEPATH>d:\programming\2019\january\01_24\c\c_language\c_game_project\privatelesson\mythinkprintmapandmoveusercharacter</FILEPATH>
        <FILENAME>main.cpp</FILENAME>
        <LINE>35</LINE>
        <COLUMN>14</COLUMN>
      </SFA>
      <SFA>
        <FILEPATH>d:\programming\2019\january\01_24\c\c_language\c_game_project\privatelesson\mythinkprintmapandmoveusercharacter</FILEPATH>
        <FILENAME>main.cpp</FILENAME>
        <LINE>36</LINE>
        <COLUMN>14</COLUMN>
      </SFA>
      <SFA>
        <FILEPATH>d:\programming\2019\january\01_24\c\c_language\c_game_project\privatelesson\mythinkprintmapandmoveusercharacter</FILEPATH>
        <FILENAME>main.cpp</FILENAME>
        <LINE>38</LINE>
        <COLUMN>9</COLUMN>
      </SFA>
      <SFA>
        <FILEPATH>d:\programming\2019\january\01_24\c\c_language\c_game_project\privatelesson\mythinkprintmapandmoveusercharacter</FILEPATH>
        <FILENAME>main.cpp</FILENAME>
        <LINE>39</LINE>
        <COLUMN>14</COLUMN>
      </SFA>
      <SFA>
        <FILEPATH>d:\programming\2019\january\01_24\c\c_language\c_game_project\privatelesson\mythinkprintmapandmoveusercharacter</FILEPATH>
        <FILENAME>main.cpp</FILENAME>
        <LINE>40</LINE>
        <COLUMN>14</COLUMN>
      </SFA>
      <SFA>
        <FILEPATH>d:\programming\2019\january\01_24\c\c_language\c_game_project\privatelesson\mythinkprintmapandmoveusercharacter</FILEPATH>
        <FILENAME>main.cpp</FILENAME>
        <LINE>41</LINE>
        <COLUMN>14</COLUMN>
      </SFA>
      <SFA>
        <FILEPATH>d:\programming\2019\january\01_24\c\c_language\c_game_project\privatelesson\mythinkprintmapandmoveusercharacter</FILEPATH>
        <FILENAME>main.cpp</FILENAME>
        <LINE>43</LINE>
        <COLUMN>8</COLUMN>
      </SFA>
      <SFA>
        <FILEPATH>d:\programming\2019\january\01_24\c\c_language\c_game_project\privatelesson\mythinkprintmapandmoveusercharacter</FILEPATH>
        <FILENAME>main.cpp</FILENAME>
        <LINE>44</LINE>
        <COLUMN>10</COLUMN>
      </SFA>
      <SFA>
        <FILEPATH>d:\programming\2019\january\01_24\c\c_language\c_game_project\privatelesson\mythinkprintmapandmoveusercharacter</FILEPATH>
        <FILENAME>main.cpp</FILENAME>
        <LINE>46</LINE>
        <COLUMN>12</COLUMN>
      </SFA>
      <SFA>
        <FILEPATH>d:\programming\2019\january\01_24\c\c_language\c_game_project\privatelesson\mythinkprintmapandmoveusercharacter</FILEPATH>
        <FILENAME>main.cpp</FILENAME>
        <LINE>78</LINE>
        <COLUMN>4</COLUMN>
      </SFA>
      <SFA>
        <FILEPATH>d:\programming\2019\january\01_24\c\c_language\c_game_project\privatelesson\mythinkprintmapandmoveusercharacter</FILEPATH>
        <FILENAME>main.cpp</FILENAME>
        <LINE>79</LINE>
        <COLUMN>11</COLUMN>
      </SFA>
      <SFA>
        <FILEPATH>d:\programming\2019\january\01_24\c\c_language\c_game_project\privatelesson\mythinkprintmapandmoveusercharacter</FILEPATH>
        <FILENAME>main.cpp</FILENAME>
        <LINE>80</LINE>
        <COLUMN>9</COLUMN>
      </SFA>
      <SFA>
        <FILEPATH>d:\programming\2019\january\01_24\c\c_language\c_game_project\privatelesson\mythinkprintmapandmoveusercharacter</FILEPATH>
        <FILENAME>main.cpp</FILENAME>
        <LINE>81</LINE>
        <COLUMN>9</COLUMN>
      </SFA>
      <SFA>
        <FILEPATH>d:\programming\2019\january\01_24\c\c_language\c_game_project\privatelesson\mythinkprintmapandmoveusercharacter</FILEPATH>
        <FILENAME>main.cpp</FILENAME>
        <LINE>82</LINE>
        <COLUMN>9</COLUMN>
      </SFA>
      <SFA>
        <FILEPATH>d:\programming\2019\january\01_24\c\c_language\c_game_project\privatelesson\mythinkprintmapandmoveusercharacter</FILEPATH>
        <FILENAME>main.cpp</FILENAME>
        <LINE>83</LINE>
        <COLUMN>9</COLUMN>
      </SFA>
      <SFA>
        <FILEPATH>d:\programming\2019\january\01_24\c\c_language\c_game_project\privatelesson\mythinkprintmapandmoveusercharacter</FILEPATH>
        <FILENAME>main.cpp</FILENAME>
        <LINE>85</LINE>
        <COLUMN>8</COLUMN>
      </SFA>
      <SFA>
        <FILEPATH>d:\programming\2019\january\01_24\c\c_language\c_game_project\privatelesson\mythinkprintmapandmoveusercharacter</FILEPATH>
        <FILENAME>main.cpp</FILENAME>
        <LINE>86</LINE>
        <COLUMN>22</COLUMN>
      </SFA>
      <SFA>
        <FILEPATH>d:\programming\2019\january\01_24\c\c_language\c_game_project\privatelesson\mythinkprintmapandmoveusercharacter</FILEPATH>
        <FILENAME>main.cpp</FILENAME>
        <LINE>88</LINE>
        <COLUMN>13</COLUMN>
      </SFA>
      <SFA>
        <FILEPATH>d:\programming\2019\january\01_24\c\c_language\c_game_project\privatelesson\mythinkprintmapandmoveusercharacter</FILEPATH>
        <FILENAME>main.cpp</FILENAME>
        <LINE>89</LINE>
        <COLUMN>14</COLUMN>
      </SFA>
      <SFA>
        <FILEPATH>d:\programming\2019\january\01_24\c\c_language\c_game_project\privatelesson\mythinkprintmapandmoveusercharacter</FILEPATH>
        <FILENAME>main.cpp</FILENAME>
        <LINE>91</LINE>
        <COLUMN>20</COLUMN>
      </SFA>
      <SFA>
        <FILEPATH>d:\programming\2019\january\01_24\c\c_language\c_game_project\privatelesson\mythinkprintmapandmoveusercharacter</FILEPATH>
        <FILENAME>main.cpp</FILENAME>
        <LINE>93</LINE>
        <COLUMN>14</COLUMN>
      </SFA>
      <SFA>
        <FILEPATH>d:\programming\2019\january\01_24\c\c_language\c_game_project\privatelesson\mythinkprintmapandmoveusercharacter</FILEPATH>
        <FILENAME>main.cpp</FILENAME>
        <LINE>93</LINE>
        <COLUMN>23</COLUMN>
      </SFA>
      <SFA>
        <FILEPATH>d:\programming\2019\january\01_24\c\c_language\c_game_project\privatelesson\mythinkprintmapandmoveusercharacter</FILEPATH>
        <FILENAME>main.cpp</FILENAME>
        <LINE>95</LINE>
        <COLUMN>24</COLUMN>
      </SFA>
      <SFA>
        <FILEPATH>d:\programming\2019\january\01_24\c\c_language\c_game_project\privatelesson\mythinkprintmapandmoveusercharacter</FILEPATH>
        <FILENAME>main.cpp</FILENAME>
        <LINE>93</LINE>
        <COLUMN>39</COLUMN>
      </SFA>
      <SFA>
        <FILEPATH>d:\programming\2019\january\01_24\c\c_language\c_game_project\privatelesson\mythinkprintmapandmoveusercharacter</FILEPATH>
        <FILENAME>main.cpp</FILENAME>
        <LINE>93</LINE>
        <COLUMN>23</COLUMN>
      </SFA>
      <SFA>
        <FILEPATH>d:\programming\2019\january\01_24\c\c_language\c_game_project\privatelesson\mythinkprintmapandmoveusercharacter</FILEPATH>
        <FILENAME>main.cpp</FILENAME>
        <LINE>95</LINE>
        <COLUMN>24</COLUMN>
        <KEYEVENT>
          <ID>1</ID>
          <KIND>선언</KIND>
          <IMPORTANCE>Essential</IMPORTANCE>
          <MESSAGE>'curMapLocation[userInfo_xy.y-2]'은(는) NULL일 수 있습니다.</MESSAGE>
        </KEYEVENT>
      </SFA>
      <SFA>
        <FILEPATH>d:\programming\2019\january\01_24\c\c_language\c_game_project\privatelesson\mythinkprintmapandmoveusercharacter</FILEPATH>
        <FILENAME>main.cpp</FILENAME>
        <LINE>93</LINE>
        <COLUMN>39</COLUMN>
      </SFA>
      <SFA>
        <FILEPATH>d:\programming\2019\january\01_24\c\c_language\c_game_project\privatelesson\mythinkprintmapandmoveusercharacter</FILEPATH>
        <FILENAME>main.cpp</FILENAME>
        <LINE>93</LINE>
        <COLUMN>23</COLUMN>
        <KEYEVENT>
          <ID>2</ID>
          <KIND>분기</KIND>
          <IMPORTANCE>Full</IMPORTANCE>
          <MESSAGE>이 루프 계속, ('i&lt;curMapMax_Y' 가정)</MESSAGE>
        </KEYEVENT>
      </SFA>
      <SFA>
        <FILEPATH>d:\programming\2019\january\01_24\c\c_language\c_game_project\privatelesson\mythinkprintmapandmoveusercharacter</FILEPATH>
        <FILENAME>main.cpp</FILENAME>
        <LINE>98</LINE>
        <COLUMN>9</COLUMN>
      </SFA>
      <SFA>
        <FILEPATH>d:\programming\2019\january\01_24\c\c_language\c_game_project\privatelesson\mythinkprintmapandmoveusercharacter</FILEPATH>
        <FILENAME>main.cpp</FILENAME>
        <LINE>100</LINE>
        <COLUMN>12</COLUMN>
        <KEYEVENT>
          <ID>3</ID>
          <KIND>분기</KIND>
          <IMPORTANCE>Full</IMPORTANCE>
          <MESSAGE>이 루프 시작, ('1' 가정)</MESSAGE>
        </KEYEVENT>
      </SFA>
      <SFA>
        <FILEPATH>d:\programming\2019\january\01_24\c\c_language\c_game_project\privatelesson\mythinkprintmapandmoveusercharacter</FILEPATH>
        <FILENAME>main.cpp</FILENAME>
        <LINE>102</LINE>
        <COLUMN>15</COLUMN>
      </SFA>
      <SFA>
        <FILEPATH>d:\programming\2019\january\01_24\c\c_language\c_game_project\privatelesson\mythinkprintmapandmoveusercharacter</FILEPATH>
        <FILENAME>main.cpp</FILENAME>
        <LINE>102</LINE>
        <COLUMN>24</COLUMN>
      </SFA>
      <SFA>
        <FILEPATH>d:\programming\2019\january\01_24\c\c_language\c_game_project\privatelesson\mythinkprintmapandmoveusercharacter</FILEPATH>
        <FILENAME>main.cpp</FILENAME>
        <LINE>104</LINE>
        <COLUMN>16</COLUMN>
      </SFA>
      <SFA>
        <FILEPATH>d:\programming\2019\january\01_24\c\c_language\c_game_project\privatelesson\mythinkprintmapandmoveusercharacter</FILEPATH>
        <FILENAME>main.cpp</FILENAME>
        <LINE>104</LINE>
        <COLUMN>25</COLUMN>
      </SFA>
      <SFA>
        <FILEPATH>d:\programming\2019\january\01_24\c\c_language\c_game_project\privatelesson\mythinkprintmapandmoveusercharacter</FILEPATH>
        <FILENAME>main.cpp</FILENAME>
        <LINE>106</LINE>
        <COLUMN>29</COLUMN>
      </SFA>
      <SFA>
        <FILEPATH>d:\programming\2019\january\01_24\c\c_language\c_game_project\privatelesson\mythinkprintmapandmoveusercharacter</FILEPATH>
        <FILENAME>main.cpp</FILENAME>
        <LINE>104</LINE>
        <COLUMN>41</COLUMN>
      </SFA>
      <SFA>
        <FILEPATH>d:\programming\2019\january\01_24\c\c_language\c_game_project\privatelesson\mythinkprintmapandmoveusercharacter</FILEPATH>
        <FILENAME>main.cpp</FILENAME>
        <LINE>104</LINE>
        <COLUMN>25</COLUMN>
      </SFA>
      <SFA>
        <FILEPATH>d:\programming\2019\january\01_24\c\c_language\c_game_project\privatelesson\mythinkprintmapandmoveusercharacter</FILEPATH>
        <FILENAME>main.cpp</FILENAME>
        <LINE>106</LINE>
        <COLUMN>29</COLUMN>
      </SFA>
      <SFA>
        <FILEPATH>d:\programming\2019\january\01_24\c\c_language\c_game_project\privatelesson\mythinkprintmapandmoveusercharacter</FILEPATH>
        <FILENAME>main.cpp</FILENAME>
        <LINE>104</LINE>
        <COLUMN>41</COLUMN>
      </SFA>
      <SFA>
        <FILEPATH>d:\programming\2019\january\01_24\c\c_language\c_game_project\privatelesson\mythinkprintmapandmoveusercharacter</FILEPATH>
        <FILENAME>main.cpp</FILENAME>
        <LINE>104</LINE>
        <COLUMN>25</COLUMN>
      </SFA>
      <SFA>
        <FILEPATH>d:\programming\2019\january\01_24\c\c_language\c_game_project\privatelesson\mythinkprintmapandmoveusercharacter</FILEPATH>
        <FILENAME>main.cpp</FILENAME>
        <LINE>102</LINE>
        <COLUMN>40</COLUMN>
      </SFA>
      <SFA>
        <FILEPATH>d:\programming\2019\january\01_24\c\c_language\c_game_project\privatelesson\mythinkprintmapandmoveusercharacter</FILEPATH>
        <FILENAME>main.cpp</FILENAME>
        <LINE>102</LINE>
        <COLUMN>24</COLUMN>
      </SFA>
      <SFA>
        <FILEPATH>d:\programming\2019\january\01_24\c\c_language\c_game_project\privatelesson\mythinkprintmapandmoveusercharacter</FILEPATH>
        <FILENAME>main.cpp</FILENAME>
        <LINE>104</LINE>
        <COLUMN>16</COLUMN>
      </SFA>
      <SFA>
        <FILEPATH>d:\programming\2019\january\01_24\c\c_language\c_game_project\privatelesson\mythinkprintmapandmoveusercharacter</FILEPATH>
        <FILENAME>main.cpp</FILENAME>
        <LINE>104</LINE>
        <COLUMN>25</COLUMN>
      </SFA>
      <SFA>
        <FILEPATH>d:\programming\2019\january\01_24\c\c_language\c_game_project\privatelesson\mythinkprintmapandmoveusercharacter</FILEPATH>
        <FILENAME>main.cpp</FILENAME>
        <LINE>102</LINE>
        <COLUMN>40</COLUMN>
      </SFA>
      <SFA>
        <FILEPATH>d:\programming\2019\january\01_24\c\c_language\c_game_project\privatelesson\mythinkprintmapandmoveusercharacter</FILEPATH>
        <FILENAME>main.cpp</FILENAME>
        <LINE>102</LINE>
        <COLUMN>24</COLUMN>
      </SFA>
      <SFA>
        <FILEPATH>d:\programming\2019\january\01_24\c\c_language\c_game_project\privatelesson\mythinkprintmapandmoveusercharacter</FILEPATH>
        <FILENAME>main.cpp</FILENAME>
        <LINE>110</LINE>
        <COLUMN>10</COLUMN>
      </SFA>
      <SFA>
        <FILEPATH>d:\programming\2019\january\01_24\c\c_language\c_game_project\privatelesson\mythinkprintmapandmoveusercharacter</FILEPATH>
        <FILENAME>main.cpp</FILENAME>
        <LINE>111</LINE>
        <COLUMN>10</COLUMN>
      </SFA>
      <SFA>
        <FILEPATH>d:\programming\2019\january\01_24\c\c_language\c_game_project\privatelesson\mythinkprintmapandmoveusercharacter</FILEPATH>
        <FILENAME>main.cpp</FILENAME>
        <LINE>113</LINE>
        <COLUMN>13</COLUMN>
        <KEYEVENT>
          <ID>4</ID>
          <KIND>분기</KIND>
          <IMPORTANCE>Full</IMPORTANCE>
          <MESSAGE>이 루프 시작, ('1' 가정)</MESSAGE>
        </KEYEVENT>
      </SFA>
      <SFA>
        <FILEPATH>d:\programming\2019\january\01_24\c\c_language\c_game_project\privatelesson\mythinkprintmapandmoveusercharacter</FILEPATH>
        <FILENAME>main.cpp</FILENAME>
        <LINE>115</LINE>
        <COLUMN>12</COLUMN>
      </SFA>
      <SFA>
        <FILEPATH>d:\programming\2019\january\01_24\c\c_language\c_game_project\privatelesson\mythinkprintmapandmoveusercharacter</FILEPATH>
        <FILENAME>main.cpp</FILENAME>
        <LINE>116</LINE>
        <COLUMN>20</COLUMN>
      </SFA>
      <SFA>
        <FILEPATH>d:\programming\2019\january\01_24\c\c_language\c_game_project\privatelesson\mythinkprintmapandmoveusercharacter</FILEPATH>
        <FILENAME>main.cpp</FILENAME>
        <LINE>117</LINE>
        <COLUMN>19</COLUMN>
      </SFA>
      <SFA>
        <FILEPATH>d:\programming\2019\january\01_24\c\c_language\c_game_project\privatelesson\mythinkprintmapandmoveusercharacter</FILEPATH>
        <FILENAME>main.cpp</FILENAME>
        <LINE>118</LINE>
        <COLUMN>13</COLUMN>
      </SFA>
      <SFA>
        <FILEPATH>d:\programming\2019\january\01_24\c\c_language\c_game_project\privatelesson\mythinkprintmapandmoveusercharacter</FILEPATH>
        <FILENAME>main.cpp</FILENAME>
        <LINE>119</LINE>
        <COLUMN>13</COLUMN>
      </SFA>
      <SFA>
        <FILEPATH>d:\programming\2019\january\01_24\c\c_language\c_game_project\privatelesson\mythinkprintmapandmoveusercharacter</FILEPATH>
        <FILENAME>main.cpp</FILENAME>
        <LINE>121</LINE>
        <COLUMN>38</COLUMN>
        <KEYEVENT>
          <ID>5</ID>
          <KIND>분기</KIND>
          <IMPORTANCE>Full</IMPORTANCE>
          <MESSAGE>이 분기 시작, ('&lt;분기 조건&gt;' 가정)</MESSAGE>
        </KEYEVENT>
      </SFA>
      <SFA>
        <FILEPATH>d:\programming\2019\january\01_24\c\c_language\c_game_project\privatelesson\mythinkprintmapandmoveusercharacter</FILEPATH>
        <FILENAME>main.cpp</FILENAME>
        <LINE>123</LINE>
        <COLUMN>61</COLUMN>
        <KEYEVENT>
          <ID>6</ID>
          <KIND>분기</KIND>
          <IMPORTANCE>Full</IMPORTANCE>
          <MESSAGE>이 분기 건너뛰기, ('&lt;분기 조건&gt;'이(가) false라고 가정)</MESSAGE>
        </KEYEVENT>
      </SFA>
      <SFA>
        <FILEPATH>d:\programming\2019\january\01_24\c\c_language\c_game_project\privatelesson\mythinkprintmapandmoveusercharacter</FILEPATH>
        <FILENAME>main.cpp</FILENAME>
        <LINE>123</LINE>
        <COLUMN>61</COLUMN>
        <KEYEVENT>
          <ID>7</ID>
          <KIND>사용법</KIND>
          <IMPORTANCE>Essential</IMPORTANCE>
          <MESSAGE>'curMapLocation[userInfo_xy.y-2]'이(가) 역참조되었지만 여전히 NULL일 수 있습니다.</MESSAGE>
        </KEYEVENT>
      </SFA>
    </PATH>
  </DEFECT>
  <DEFECT>
    <SFA>
      <FILEPATH>d:\programming\2019\january\01_24\c\c_language\c_game_project\privatelesson\mythinkprintmapandmoveusercharacter</FILEPATH>
      <FILENAME>main.cpp</FILENAME>
      <LINE>128</LINE>
      <COLUMN>23</COLUMN>
    </SFA>
    <DEFECTCODE>6011</DEFECTCODE>
    <DESCRIPTION>NULL 포인터 'curMapLocation[userInfo_xy.y-1]'을(를) 역참조하고 있습니다. 이 오류가 발생할 수 있는 이전 위치는 줄 106을(를) 참조하십시오.</DESCRIPTION>
    <FUNCTION>main</FUNCTION>
    <DECORATED>main</DECORATED>
    <FUNCLINE>3</FUNCLINE>
    <PROBABILITY>1</PROBABILITY>
    <RANK>4</RANK>
    <CATEGORY>
      <RULECATEGORY>mspft</RULECATEGORY>
    </CATEGORY>
    <PATH>
      <SFA>
        <FILEPATH>d:\programming\2019\january\01_24\c\c_language\c_game_project\privatelesson\mythinkprintmapandmoveusercharacter</FILEPATH>
        <FILENAME>main.cpp</FILENAME>
        <LINE>5</LINE>
        <COLUMN>5</COLUMN>
      </SFA>
      <SFA>
        <FILEPATH>d:\programming\2019\january\01_24\c\c_language\c_game_project\privatelesson\mythinkprintmapandmoveusercharacter</FILEPATH>
        <FILENAME>main.cpp</FILENAME>
        <LINE>6</LINE>
        <COLUMN>5</COLUMN>
      </SFA>
      <SFA>
        <FILEPATH>d:\programming\2019\january\01_24\c\c_language\c_game_project\privatelesson\mythinkprintmapandmoveusercharacter</FILEPATH>
        <FILENAME>main.cpp</FILENAME>
        <LINE>7</LINE>
        <COLUMN>6</COLUMN>
      </SFA>
      <SFA>
        <FILEPATH>d:\programming\2019\january\01_24\c\c_language\c_game_project\privatelesson\mythinkprintmapandmoveusercharacter</FILEPATH>
        <FILENAME>main.cpp</FILENAME>
        <LINE>9</LINE>
        <COLUMN>17</COLUMN>
      </SFA>
      <SFA>
        <FILEPATH>d:\programming\2019\january\01_24\c\c_language\c_game_project\privatelesson\mythinkprintmapandmoveusercharacter</FILEPATH>
        <FILENAME>main.cpp</FILENAME>
        <LINE>10</LINE>
        <COLUMN>19</COLUMN>
      </SFA>
      <SFA>
        <FILEPATH>d:\programming\2019\january\01_24\c\c_language\c_game_project\privatelesson\mythinkprintmapandmoveusercharacter</FILEPATH>
        <FILENAME>main.cpp</FILENAME>
        <LINE>12</LINE>
        <COLUMN>5</COLUMN>
      </SFA>
      <SFA>
        <FILEPATH>d:\programming\2019\january\01_24\c\c_language\c_game_project\privatelesson\mythinkprintmapandmoveusercharacter</FILEPATH>
        <FILENAME>main.cpp</FILENAME>
        <LINE>13</LINE>
        <COLUMN>5</COLUMN>
      </SFA>
      <SFA>
        <FILEPATH>d:\programming\2019\january\01_24\c\c_language\c_game_project\privatelesson\mythinkprintmapandmoveusercharacter</FILEPATH>
        <FILENAME>main.cpp</FILENAME>
        <LINE>15</LINE>
        <COLUMN>8</COLUMN>
      </SFA>
      <SFA>
        <FILEPATH>d:\programming\2019\january\01_24\c\c_language\c_game_project\privatelesson\mythinkprintmapandmoveusercharacter</FILEPATH>
        <FILENAME>main.cpp</FILENAME>
        <LINE>17</LINE>
        <COLUMN>20</COLUMN>
      </SFA>
      <SFA>
        <FILEPATH>d:\programming\2019\january\01_24\c\c_language\c_game_project\privatelesson\mythinkprintmapandmoveusercharacter</FILEPATH>
        <FILENAME>main.cpp</FILENAME>
        <LINE>18</LINE>
        <COLUMN>22</COLUMN>
      </SFA>
      <SFA>
        <FILEPATH>d:\programming\2019\january\01_24\c\c_language\c_game_project\privatelesson\mythinkprintmapandmoveusercharacter</FILEPATH>
        <FILENAME>main.cpp</FILENAME>
        <LINE>20</LINE>
        <COLUMN>13</COLUMN>
      </SFA>
      <SFA>
        <FILEPATH>d:\programming\2019\january\01_24\c\c_language\c_game_project\privatelesson\mythinkprintmapandmoveusercharacter</FILEPATH>
        <FILENAME>main.cpp</FILENAME>
        <LINE>21</LINE>
        <COLUMN>12</COLUMN>
      </SFA>
      <SFA>
        <FILEPATH>d:\programming\2019\january\01_24\c\c_language\c_game_project\privatelesson\mythinkprintmapandmoveusercharacter</FILEPATH>
        <FILENAME>main.cpp</FILENAME>
        <LINE>23</LINE>
        <COLUMN>8</COLUMN>
      </SFA>
      <SFA>
        <FILEPATH>d:\programming\2019\january\01_24\c\c_language\c_game_project\privatelesson\mythinkprintmapandmoveusercharacter</FILEPATH>
        <FILENAME>main.cpp</FILENAME>
        <LINE>24</LINE>
        <COLUMN>7</COLUMN>
      </SFA>
      <SFA>
        <FILEPATH>d:\programming\2019\january\01_24\c\c_language\c_game_project\privatelesson\mythinkprintmapandmoveusercharacter</FILEPATH>
        <FILENAME>main.cpp</FILENAME>
        <LINE>25</LINE>
        <COLUMN>8</COLUMN>
      </SFA>
      <SFA>
        <FILEPATH>d:\programming\2019\january\01_24\c\c_language\c_game_project\privatelesson\mythinkprintmapandmoveusercharacter</FILEPATH>
        <FILENAME>main.cpp</FILENAME>
        <LINE>27</LINE>
        <COLUMN>17</COLUMN>
      </SFA>
      <SFA>
        <FILEPATH>d:\programming\2019\january\01_24\c\c_language\c_game_project\privatelesson\mythinkprintmapandmoveusercharacter</FILEPATH>
        <FILENAME>main.cpp</FILENAME>
        <LINE>29</LINE>
        <COLUMN>10</COLUMN>
      </SFA>
      <SFA>
        <FILEPATH>d:\programming\2019\january\01_24\c\c_language\c_game_project\privatelesson\mythinkprintmapandmoveusercharacter</FILEPATH>
        <FILENAME>main.cpp</FILENAME>
        <LINE>31</LINE>
        <COLUMN>22</COLUMN>
      </SFA>
      <SFA>
        <FILEPATH>d:\programming\2019\january\01_24\c\c_language\c_game_project\privatelesson\mythinkprintmapandmoveusercharacter</FILEPATH>
        <FILENAME>main.cpp</FILENAME>
        <LINE>33</LINE>
        <COLUMN>7</COLUMN>
      </SFA>
      <SFA>
        <FILEPATH>d:\programming\2019\january\01_24\c\c_language\c_game_project\privatelesson\mythinkprintmapandmoveusercharacter</FILEPATH>
        <FILENAME>main.cpp</FILENAME>
        <LINE>34</LINE>
        <COLUMN>8</COLUMN>
      </SFA>
      <SFA>
        <FILEPATH>d:\programming\2019\january\01_24\c\c_language\c_game_project\privatelesson\mythinkprintmapandmoveusercharacter</FILEPATH>
        <FILENAME>main.cpp</FILENAME>
        <LINE>35</LINE>
        <COLUMN>14</COLUMN>
      </SFA>
      <SFA>
        <FILEPATH>d:\programming\2019\january\01_24\c\c_language\c_game_project\privatelesson\mythinkprintmapandmoveusercharacter</FILEPATH>
        <FILENAME>main.cpp</FILENAME>
        <LINE>36</LINE>
        <COLUMN>14</COLUMN>
      </SFA>
      <SFA>
        <FILEPATH>d:\programming\2019\january\01_24\c\c_language\c_game_project\privatelesson\mythinkprintmapandmoveusercharacter</FILEPATH>
        <FILENAME>main.cpp</FILENAME>
        <LINE>38</LINE>
        <COLUMN>9</COLUMN>
      </SFA>
      <SFA>
        <FILEPATH>d:\programming\2019\january\01_24\c\c_language\c_game_project\privatelesson\mythinkprintmapandmoveusercharacter</FILEPATH>
        <FILENAME>main.cpp</FILENAME>
        <LINE>39</LINE>
        <COLUMN>14</COLUMN>
      </SFA>
      <SFA>
        <FILEPATH>d:\programming\2019\january\01_24\c\c_language\c_game_project\privatelesson\mythinkprintmapandmoveusercharacter</FILEPATH>
        <FILENAME>main.cpp</FILENAME>
        <LINE>40</LINE>
        <COLUMN>14</COLUMN>
      </SFA>
      <SFA>
        <FILEPATH>d:\programming\2019\january\01_24\c\c_language\c_game_project\privatelesson\mythinkprintmapandmoveusercharacter</FILEPATH>
        <FILENAME>main.cpp</FILENAME>
        <LINE>41</LINE>
        <COLUMN>14</COLUMN>
      </SFA>
      <SFA>
        <FILEPATH>d:\programming\2019\january\01_24\c\c_language\c_game_project\privatelesson\mythinkprintmapandmoveusercharacter</FILEPATH>
        <FILENAME>main.cpp</FILENAME>
        <LINE>43</LINE>
        <COLUMN>8</COLUMN>
      </SFA>
      <SFA>
        <FILEPATH>d:\programming\2019\january\01_24\c\c_language\c_game_project\privatelesson\mythinkprintmapandmoveusercharacter</FILEPATH>
        <FILENAME>main.cpp</FILENAME>
        <LINE>44</LINE>
        <COLUMN>10</COLUMN>
      </SFA>
      <SFA>
        <FILEPATH>d:\programming\2019\january\01_24\c\c_language\c_game_project\privatelesson\mythinkprintmapandmoveusercharacter</FILEPATH>
        <FILENAME>main.cpp</FILENAME>
        <LINE>46</LINE>
        <COLUMN>12</COLUMN>
      </SFA>
      <SFA>
        <FILEPATH>d:\programming\2019\january\01_24\c\c_language\c_game_project\privatelesson\mythinkprintmapandmoveusercharacter</FILEPATH>
        <FILENAME>main.cpp</FILENAME>
        <LINE>78</LINE>
        <COLUMN>4</COLUMN>
      </SFA>
      <SFA>
        <FILEPATH>d:\programming\2019\january\01_24\c\c_language\c_game_project\privatelesson\mythinkprintmapandmoveusercharacter</FILEPATH>
        <FILENAME>main.cpp</FILENAME>
        <LINE>79</LINE>
        <COLUMN>11</COLUMN>
      </SFA>
      <SFA>
        <FILEPATH>d:\programming\2019\january\01_24\c\c_language\c_game_project\privatelesson\mythinkprintmapandmoveusercharacter</FILEPATH>
        <FILENAME>main.cpp</FILENAME>
        <LINE>80</LINE>
        <COLUMN>9</COLUMN>
      </SFA>
      <SFA>
        <FILEPATH>d:\programming\2019\january\01_24\c\c_language\c_game_project\privatelesson\mythinkprintmapandmoveusercharacter</FILEPATH>
        <FILENAME>main.cpp</FILENAME>
        <LINE>81</LINE>
        <COLUMN>9</COLUMN>
      </SFA>
      <SFA>
        <FILEPATH>d:\programming\2019\january\01_24\c\c_language\c_game_project\privatelesson\mythinkprintmapandmoveusercharacter</FILEPATH>
        <FILENAME>main.cpp</FILENAME>
        <LINE>82</LINE>
        <COLUMN>9</COLUMN>
      </SFA>
      <SFA>
        <FILEPATH>d:\programming\2019\january\01_24\c\c_language\c_game_project\privatelesson\mythinkprintmapandmoveusercharacter</FILEPATH>
        <FILENAME>main.cpp</FILENAME>
        <LINE>83</LINE>
        <COLUMN>9</COLUMN>
      </SFA>
      <SFA>
        <FILEPATH>d:\programming\2019\january\01_24\c\c_language\c_game_project\privatelesson\mythinkprintmapandmoveusercharacter</FILEPATH>
        <FILENAME>main.cpp</FILENAME>
        <LINE>85</LINE>
        <COLUMN>8</COLUMN>
      </SFA>
      <SFA>
        <FILEPATH>d:\programming\2019\january\01_24\c\c_language\c_game_project\privatelesson\mythinkprintmapandmoveusercharacter</FILEPATH>
        <FILENAME>main.cpp</FILENAME>
        <LINE>86</LINE>
        <COLUMN>22</COLUMN>
      </SFA>
      <SFA>
        <FILEPATH>d:\programming\2019\january\01_24\c\c_language\c_game_project\privatelesson\mythinkprintmapandmoveusercharacter</FILEPATH>
        <FILENAME>main.cpp</FILENAME>
        <LINE>88</LINE>
        <COLUMN>13</COLUMN>
      </SFA>
      <SFA>
        <FILEPATH>d:\programming\2019\january\01_24\c\c_language\c_game_project\privatelesson\mythinkprintmapandmoveusercharacter</FILEPATH>
        <FILENAME>main.cpp</FILENAME>
        <LINE>89</LINE>
        <COLUMN>14</COLUMN>
      </SFA>
      <SFA>
        <FILEPATH>d:\programming\2019\january\01_24\c\c_language\c_game_project\privatelesson\mythinkprintmapandmoveusercharacter</FILEPATH>
        <FILENAME>main.cpp</FILENAME>
        <LINE>91</LINE>
        <COLUMN>20</COLUMN>
      </SFA>
      <SFA>
        <FILEPATH>d:\programming\2019\january\01_24\c\c_language\c_game_project\privatelesson\mythinkprintmapandmoveusercharacter</FILEPATH>
        <FILENAME>main.cpp</FILENAME>
        <LINE>93</LINE>
        <COLUMN>14</COLUMN>
      </SFA>
      <SFA>
        <FILEPATH>d:\programming\2019\january\01_24\c\c_language\c_game_project\privatelesson\mythinkprintmapandmoveusercharacter</FILEPATH>
        <FILENAME>main.cpp</FILENAME>
        <LINE>93</LINE>
        <COLUMN>23</COLUMN>
      </SFA>
      <SFA>
        <FILEPATH>d:\programming\2019\january\01_24\c\c_language\c_game_project\privatelesson\mythinkprintmapandmoveusercharacter</FILEPATH>
        <FILENAME>main.cpp</FILENAME>
        <LINE>95</LINE>
        <COLUMN>24</COLUMN>
      </SFA>
      <SFA>
        <FILEPATH>d:\programming\2019\january\01_24\c\c_language\c_game_project\privatelesson\mythinkprintmapandmoveusercharacter</FILEPATH>
        <FILENAME>main.cpp</FILENAME>
        <LINE>93</LINE>
        <COLUMN>39</COLUMN>
      </SFA>
      <SFA>
        <FILEPATH>d:\programming\2019\january\01_24\c\c_language\c_game_project\privatelesson\mythinkprintmapandmoveusercharacter</FILEPATH>
        <FILENAME>main.cpp</FILENAME>
        <LINE>93</LINE>
        <COLUMN>23</COLUMN>
      </SFA>
      <SFA>
        <FILEPATH>d:\programming\2019\january\01_24\c\c_language\c_game_project\privatelesson\mythinkprintmapandmoveusercharacter</FILEPATH>
        <FILENAME>main.cpp</FILENAME>
        <LINE>95</LINE>
        <COLUMN>24</COLUMN>
        <KEYEVENT>
          <ID>1</ID>
          <KIND>선언</KIND>
          <IMPORTANCE>Essential</IMPORTANCE>
          <MESSAGE>'curMapLocation[userInfo_xy.y-1]'은(는) NULL일 수 있습니다.</MESSAGE>
        </KEYEVENT>
      </SFA>
      <SFA>
        <FILEPATH>d:\programming\2019\january\01_24\c\c_language\c_game_project\privatelesson\mythinkprintmapandmoveusercharacter</FILEPATH>
        <FILENAME>main.cpp</FILENAME>
        <LINE>93</LINE>
        <COLUMN>39</COLUMN>
      </SFA>
      <SFA>
        <FILEPATH>d:\programming\2019\january\01_24\c\c_language\c_game_project\privatelesson\mythinkprintmapandmoveusercharacter</FILEPATH>
        <FILENAME>main.cpp</FILENAME>
        <LINE>93</LINE>
        <COLUMN>23</COLUMN>
        <KEYEVENT>
          <ID>2</ID>
          <KIND>분기</KIND>
          <IMPORTANCE>Full</IMPORTANCE>
          <MESSAGE>이 루프 계속, ('i&lt;curMapMax_Y' 가정)</MESSAGE>
        </KEYEVENT>
      </SFA>
      <SFA>
        <FILEPATH>d:\programming\2019\january\01_24\c\c_language\c_game_project\privatelesson\mythinkprintmapandmoveusercharacter</FILEPATH>
        <FILENAME>main.cpp</FILENAME>
        <LINE>98</LINE>
        <COLUMN>9</COLUMN>
      </SFA>
      <SFA>
        <FILEPATH>d:\programming\2019\january\01_24\c\c_language\c_game_project\privatelesson\mythinkprintmapandmoveusercharacter</FILEPATH>
        <FILENAME>main.cpp</FILENAME>
        <LINE>100</LINE>
        <COLUMN>12</COLUMN>
        <KEYEVENT>
          <ID>3</ID>
          <KIND>분기</KIND>
          <IMPORTANCE>Full</IMPORTANCE>
          <MESSAGE>이 루프 시작, ('1' 가정)</MESSAGE>
        </KEYEVENT>
      </SFA>
      <SFA>
        <FILEPATH>d:\programming\2019\january\01_24\c\c_language\c_game_project\privatelesson\mythinkprintmapandmoveusercharacter</FILEPATH>
        <FILENAME>main.cpp</FILENAME>
        <LINE>102</LINE>
        <COLUMN>15</COLUMN>
      </SFA>
      <SFA>
        <FILEPATH>d:\programming\2019\january\01_24\c\c_language\c_game_project\privatelesson\mythinkprintmapandmoveusercharacter</FILEPATH>
        <FILENAME>main.cpp</FILENAME>
        <LINE>102</LINE>
        <COLUMN>24</COLUMN>
      </SFA>
      <SFA>
        <FILEPATH>d:\programming\2019\january\01_24\c\c_language\c_game_project\privatelesson\mythinkprintmapandmoveusercharacter</FILEPATH>
        <FILENAME>main.cpp</FILENAME>
        <LINE>104</LINE>
        <COLUMN>16</COLUMN>
      </SFA>
      <SFA>
        <FILEPATH>d:\programming\2019\january\01_24\c\c_language\c_game_project\privatelesson\mythinkprintmapandmoveusercharacter</FILEPATH>
        <FILENAME>main.cpp</FILENAME>
        <LINE>104</LINE>
        <COLUMN>25</COLUMN>
      </SFA>
      <SFA>
        <FILEPATH>d:\programming\2019\january\01_24\c\c_language\c_game_project\privatelesson\mythinkprintmapandmoveusercharacter</FILEPATH>
        <FILENAME>main.cpp</FILENAME>
        <LINE>106</LINE>
        <COLUMN>29</COLUMN>
      </SFA>
      <SFA>
        <FILEPATH>d:\programming\2019\january\01_24\c\c_language\c_game_project\privatelesson\mythinkprintmapandmoveusercharacter</FILEPATH>
        <FILENAME>main.cpp</FILENAME>
        <LINE>104</LINE>
        <COLUMN>41</COLUMN>
      </SFA>
      <SFA>
        <FILEPATH>d:\programming\2019\january\01_24\c\c_language\c_game_project\privatelesson\mythinkprintmapandmoveusercharacter</FILEPATH>
        <FILENAME>main.cpp</FILENAME>
        <LINE>104</LINE>
        <COLUMN>25</COLUMN>
      </SFA>
      <SFA>
        <FILEPATH>d:\programming\2019\january\01_24\c\c_language\c_game_project\privatelesson\mythinkprintmapandmoveusercharacter</FILEPATH>
        <FILENAME>main.cpp</FILENAME>
        <LINE>106</LINE>
        <COLUMN>29</COLUMN>
      </SFA>
      <SFA>
        <FILEPATH>d:\programming\2019\january\01_24\c\c_language\c_game_project\privatelesson\mythinkprintmapandmoveusercharacter</FILEPATH>
        <FILENAME>main.cpp</FILENAME>
        <LINE>104</LINE>
        <COLUMN>41</COLUMN>
      </SFA>
      <SFA>
        <FILEPATH>d:\programming\2019\january\01_24\c\c_language\c_game_project\privatelesson\mythinkprintmapandmoveusercharacter</FILEPATH>
        <FILENAME>main.cpp</FILENAME>
        <LINE>104</LINE>
        <COLUMN>25</COLUMN>
      </SFA>
      <SFA>
        <FILEPATH>d:\programming\2019\january\01_24\c\c_language\c_game_project\privatelesson\mythinkprintmapandmoveusercharacter</FILEPATH>
        <FILENAME>main.cpp</FILENAME>
        <LINE>102</LINE>
        <COLUMN>40</COLUMN>
      </SFA>
      <SFA>
        <FILEPATH>d:\programming\2019\january\01_24\c\c_language\c_game_project\privatelesson\mythinkprintmapandmoveusercharacter</FILEPATH>
        <FILENAME>main.cpp</FILENAME>
        <LINE>102</LINE>
        <COLUMN>24</COLUMN>
      </SFA>
      <SFA>
        <FILEPATH>d:\programming\2019\january\01_24\c\c_language\c_game_project\privatelesson\mythinkprintmapandmoveusercharacter</FILEPATH>
        <FILENAME>main.cpp</FILENAME>
        <LINE>104</LINE>
        <COLUMN>16</COLUMN>
      </SFA>
      <SFA>
        <FILEPATH>d:\programming\2019\january\01_24\c\c_language\c_game_project\privatelesson\mythinkprintmapandmoveusercharacter</FILEPATH>
        <FILENAME>main.cpp</FILENAME>
        <LINE>104</LINE>
        <COLUMN>25</COLUMN>
      </SFA>
      <SFA>
        <FILEPATH>d:\programming\2019\january\01_24\c\c_language\c_game_project\privatelesson\mythinkprintmapandmoveusercharacter</FILEPATH>
        <FILENAME>main.cpp</FILENAME>
        <LINE>102</LINE>
        <COLUMN>40</COLUMN>
      </SFA>
      <SFA>
        <FILEPATH>d:\programming\2019\january\01_24\c\c_language\c_game_project\privatelesson\mythinkprintmapandmoveusercharacter</FILEPATH>
        <FILENAME>main.cpp</FILENAME>
        <LINE>102</LINE>
        <COLUMN>24</COLUMN>
      </SFA>
      <SFA>
        <FILEPATH>d:\programming\2019\january\01_24\c\c_language\c_game_project\privatelesson\mythinkprintmapandmoveusercharacter</FILEPATH>
        <FILENAME>main.cpp</FILENAME>
        <LINE>110</LINE>
        <COLUMN>10</COLUMN>
      </SFA>
      <SFA>
        <FILEPATH>d:\programming\2019\january\01_24\c\c_language\c_game_project\privatelesson\mythinkprintmapandmoveusercharacter</FILEPATH>
        <FILENAME>main.cpp</FILENAME>
        <LINE>111</LINE>
        <COLUMN>10</COLUMN>
      </SFA>
      <SFA>
        <FILEPATH>d:\programming\2019\january\01_24\c\c_language\c_game_project\privatelesson\mythinkprintmapandmoveusercharacter</FILEPATH>
        <FILENAME>main.cpp</FILENAME>
        <LINE>113</LINE>
        <COLUMN>13</COLUMN>
        <KEYEVENT>
          <ID>4</ID>
          <KIND>분기</KIND>
          <IMPORTANCE>Full</IMPORTANCE>
          <MESSAGE>이 루프 시작, ('1' 가정)</MESSAGE>
        </KEYEVENT>
      </SFA>
      <SFA>
        <FILEPATH>d:\programming\2019\january\01_24\c\c_language\c_game_project\privatelesson\mythinkprintmapandmoveusercharacter</FILEPATH>
        <FILENAME>main.cpp</FILENAME>
        <LINE>115</LINE>
        <COLUMN>12</COLUMN>
      </SFA>
      <SFA>
        <FILEPATH>d:\programming\2019\january\01_24\c\c_language\c_game_project\privatelesson\mythinkprintmapandmoveusercharacter</FILEPATH>
        <FILENAME>main.cpp</FILENAME>
        <LINE>116</LINE>
        <COLUMN>20</COLUMN>
      </SFA>
      <SFA>
        <FILEPATH>d:\programming\2019\january\01_24\c\c_language\c_game_project\privatelesson\mythinkprintmapandmoveusercharacter</FILEPATH>
        <FILENAME>main.cpp</FILENAME>
        <LINE>117</LINE>
        <COLUMN>19</COLUMN>
      </SFA>
      <SFA>
        <FILEPATH>d:\programming\2019\january\01_24\c\c_language\c_game_project\privatelesson\mythinkprintmapandmoveusercharacter</FILEPATH>
        <FILENAME>main.cpp</FILENAME>
        <LINE>118</LINE>
        <COLUMN>13</COLUMN>
      </SFA>
      <SFA>
        <FILEPATH>d:\programming\2019\january\01_24\c\c_language\c_game_project\privatelesson\mythinkprintmapandmoveusercharacter</FILEPATH>
        <FILENAME>main.cpp</FILENAME>
        <LINE>119</LINE>
        <COLUMN>13</COLUMN>
      </SFA>
      <SFA>
        <FILEPATH>d:\programming\2019\january\01_24\c\c_language\c_game_project\privatelesson\mythinkprintmapandmoveusercharacter</FILEPATH>
        <FILENAME>main.cpp</FILENAME>
        <LINE>121</LINE>
        <COLUMN>38</COLUMN>
        <KEYEVENT>
          <ID>5</ID>
          <KIND>분기</KIND>
          <IMPORTANCE>Full</IMPORTANCE>
          <MESSAGE>이 분기 시작, ('&lt;분기 조건&gt;' 가정)</MESSAGE>
        </KEYEVENT>
      </SFA>
      <SFA>
        <FILEPATH>d:\programming\2019\january\01_24\c\c_language\c_game_project\privatelesson\mythinkprintmapandmoveusercharacter</FILEPATH>
        <FILENAME>main.cpp</FILENAME>
        <LINE>123</LINE>
        <COLUMN>61</COLUMN>
      </SFA>
      <SFA>
        <FILEPATH>d:\programming\2019\january\01_24\c\c_language\c_game_project\privatelesson\mythinkprintmapandmoveusercharacter</FILEPATH>
        <FILENAME>main.cpp</FILENAME>
        <LINE>126</LINE>
        <COLUMN>16</COLUMN>
      </SFA>
      <SFA>
        <FILEPATH>d:\programming\2019\january\01_24\c\c_language\c_game_project\privatelesson\mythinkprintmapandmoveusercharacter</FILEPATH>
        <FILENAME>main.cpp</FILENAME>
        <LINE>128</LINE>
        <COLUMN>23</COLUMN>
        <KEYEVENT>
          <ID>6</ID>
          <KIND>분기</KIND>
          <IMPORTANCE>Full</IMPORTANCE>
          <MESSAGE>이 분기 건너뛰기, ('&lt;분기 조건&gt;'이(가) false라고 가정)</MESSAGE>
        </KEYEVENT>
      </SFA>
      <SFA>
        <FILEPATH>d:\programming\2019\january\01_24\c\c_language\c_game_project\privatelesson\mythinkprintmapandmoveusercharacter</FILEPATH>
        <FILENAME>main.cpp</FILENAME>
        <LINE>128</LINE>
        <COLUMN>23</COLUMN>
        <KEYEVENT>
          <ID>7</ID>
          <KIND>사용법</KIND>
          <IMPORTANCE>Essential</IMPORTANCE>
          <MESSAGE>'curMapLocation[userInfo_xy.y-1]'이(가) 역참조되었지만 여전히 NULL일 수 있습니다.</MESSAGE>
        </KEYEVENT>
      </SFA>
    </PATH>
  </DEFECT>
  <DEFECT>
    <SFA>
      <FILEPATH>d:\programming\2019\january\01_24\c\c_language\c_game_project\privatelesson\mythinkprintmapandmoveusercharacter</FILEPATH>
      <FILENAME>main.cpp</FILENAME>
      <LINE>141</LINE>
      <COLUMN>60</COLUMN>
    </SFA>
    <DEFECTCODE>6011</DEFECTCODE>
    <DESCRIPTION>NULL 포인터 'curMapLocation[userInfo_xy.y+1]'을(를) 역참조하고 있습니다. 이 오류가 발생할 수 있는 이전 위치는 줄 106을(를) 참조하십시오.</DESCRIPTION>
    <FUNCTION>main</FUNCTION>
    <DECORATED>main</DECORATED>
    <FUNCLINE>3</FUNCLINE>
    <PROBABILITY>1</PROBABILITY>
    <RANK>4</RANK>
    <CATEGORY>
      <RULECATEGORY>mspft</RULECATEGORY>
    </CATEGORY>
    <PATH>
      <SFA>
        <FILEPATH>d:\programming\2019\january\01_24\c\c_language\c_game_project\privatelesson\mythinkprintmapandmoveusercharacter</FILEPATH>
        <FILENAME>main.cpp</FILENAME>
        <LINE>5</LINE>
        <COLUMN>5</COLUMN>
      </SFA>
      <SFA>
        <FILEPATH>d:\programming\2019\january\01_24\c\c_language\c_game_project\privatelesson\mythinkprintmapandmoveusercharacter</FILEPATH>
        <FILENAME>main.cpp</FILENAME>
        <LINE>6</LINE>
        <COLUMN>5</COLUMN>
      </SFA>
      <SFA>
        <FILEPATH>d:\programming\2019\january\01_24\c\c_language\c_game_project\privatelesson\mythinkprintmapandmoveusercharacter</FILEPATH>
        <FILENAME>main.cpp</FILENAME>
        <LINE>7</LINE>
        <COLUMN>6</COLUMN>
      </SFA>
      <SFA>
        <FILEPATH>d:\programming\2019\january\01_24\c\c_language\c_game_project\privatelesson\mythinkprintmapandmoveusercharacter</FILEPATH>
        <FILENAME>main.cpp</FILENAME>
        <LINE>9</LINE>
        <COLUMN>17</COLUMN>
      </SFA>
      <SFA>
        <FILEPATH>d:\programming\2019\january\01_24\c\c_language\c_game_project\privatelesson\mythinkprintmapandmoveusercharacter</FILEPATH>
        <FILENAME>main.cpp</FILENAME>
        <LINE>10</LINE>
        <COLUMN>19</COLUMN>
      </SFA>
      <SFA>
        <FILEPATH>d:\programming\2019\january\01_24\c\c_language\c_game_project\privatelesson\mythinkprintmapandmoveusercharacter</FILEPATH>
        <FILENAME>main.cpp</FILENAME>
        <LINE>12</LINE>
        <COLUMN>5</COLUMN>
      </SFA>
      <SFA>
        <FILEPATH>d:\programming\2019\january\01_24\c\c_language\c_game_project\privatelesson\mythinkprintmapandmoveusercharacter</FILEPATH>
        <FILENAME>main.cpp</FILENAME>
        <LINE>13</LINE>
        <COLUMN>5</COLUMN>
      </SFA>
      <SFA>
        <FILEPATH>d:\programming\2019\january\01_24\c\c_language\c_game_project\privatelesson\mythinkprintmapandmoveusercharacter</FILEPATH>
        <FILENAME>main.cpp</FILENAME>
        <LINE>15</LINE>
        <COLUMN>8</COLUMN>
      </SFA>
      <SFA>
        <FILEPATH>d:\programming\2019\january\01_24\c\c_language\c_game_project\privatelesson\mythinkprintmapandmoveusercharacter</FILEPATH>
        <FILENAME>main.cpp</FILENAME>
        <LINE>17</LINE>
        <COLUMN>20</COLUMN>
      </SFA>
      <SFA>
        <FILEPATH>d:\programming\2019\january\01_24\c\c_language\c_game_project\privatelesson\mythinkprintmapandmoveusercharacter</FILEPATH>
        <FILENAME>main.cpp</FILENAME>
        <LINE>18</LINE>
        <COLUMN>22</COLUMN>
      </SFA>
      <SFA>
        <FILEPATH>d:\programming\2019\january\01_24\c\c_language\c_game_project\privatelesson\mythinkprintmapandmoveusercharacter</FILEPATH>
        <FILENAME>main.cpp</FILENAME>
        <LINE>20</LINE>
        <COLUMN>13</COLUMN>
      </SFA>
      <SFA>
        <FILEPATH>d:\programming\2019\january\01_24\c\c_language\c_game_project\privatelesson\mythinkprintmapandmoveusercharacter</FILEPATH>
        <FILENAME>main.cpp</FILENAME>
        <LINE>21</LINE>
        <COLUMN>12</COLUMN>
      </SFA>
      <SFA>
        <FILEPATH>d:\programming\2019\january\01_24\c\c_language\c_game_project\privatelesson\mythinkprintmapandmoveusercharacter</FILEPATH>
        <FILENAME>main.cpp</FILENAME>
        <LINE>23</LINE>
        <COLUMN>8</COLUMN>
      </SFA>
      <SFA>
        <FILEPATH>d:\programming\2019\january\01_24\c\c_language\c_game_project\privatelesson\mythinkprintmapandmoveusercharacter</FILEPATH>
        <FILENAME>main.cpp</FILENAME>
        <LINE>24</LINE>
        <COLUMN>7</COLUMN>
      </SFA>
      <SFA>
        <FILEPATH>d:\programming\2019\january\01_24\c\c_language\c_game_project\privatelesson\mythinkprintmapandmoveusercharacter</FILEPATH>
        <FILENAME>main.cpp</FILENAME>
        <LINE>25</LINE>
        <COLUMN>8</COLUMN>
      </SFA>
      <SFA>
        <FILEPATH>d:\programming\2019\january\01_24\c\c_language\c_game_project\privatelesson\mythinkprintmapandmoveusercharacter</FILEPATH>
        <FILENAME>main.cpp</FILENAME>
        <LINE>27</LINE>
        <COLUMN>17</COLUMN>
      </SFA>
      <SFA>
        <FILEPATH>d:\programming\2019\january\01_24\c\c_language\c_game_project\privatelesson\mythinkprintmapandmoveusercharacter</FILEPATH>
        <FILENAME>main.cpp</FILENAME>
        <LINE>29</LINE>
        <COLUMN>10</COLUMN>
      </SFA>
      <SFA>
        <FILEPATH>d:\programming\2019\january\01_24\c\c_language\c_game_project\privatelesson\mythinkprintmapandmoveusercharacter</FILEPATH>
        <FILENAME>main.cpp</FILENAME>
        <LINE>31</LINE>
        <COLUMN>22</COLUMN>
      </SFA>
      <SFA>
        <FILEPATH>d:\programming\2019\january\01_24\c\c_language\c_game_project\privatelesson\mythinkprintmapandmoveusercharacter</FILEPATH>
        <FILENAME>main.cpp</FILENAME>
        <LINE>33</LINE>
        <COLUMN>7</COLUMN>
      </SFA>
      <SFA>
        <FILEPATH>d:\programming\2019\january\01_24\c\c_language\c_game_project\privatelesson\mythinkprintmapandmoveusercharacter</FILEPATH>
        <FILENAME>main.cpp</FILENAME>
        <LINE>34</LINE>
        <COLUMN>8</COLUMN>
      </SFA>
      <SFA>
        <FILEPATH>d:\programming\2019\january\01_24\c\c_language\c_game_project\privatelesson\mythinkprintmapandmoveusercharacter</FILEPATH>
        <FILENAME>main.cpp</FILENAME>
        <LINE>35</LINE>
        <COLUMN>14</COLUMN>
      </SFA>
      <SFA>
        <FILEPATH>d:\programming\2019\january\01_24\c\c_language\c_game_project\privatelesson\mythinkprintmapandmoveusercharacter</FILEPATH>
        <FILENAME>main.cpp</FILENAME>
        <LINE>36</LINE>
        <COLUMN>14</COLUMN>
      </SFA>
      <SFA>
        <FILEPATH>d:\programming\2019\january\01_24\c\c_language\c_game_project\privatelesson\mythinkprintmapandmoveusercharacter</FILEPATH>
        <FILENAME>main.cpp</FILENAME>
        <LINE>38</LINE>
        <COLUMN>9</COLUMN>
      </SFA>
      <SFA>
        <FILEPATH>d:\programming\2019\january\01_24\c\c_language\c_game_project\privatelesson\mythinkprintmapandmoveusercharacter</FILEPATH>
        <FILENAME>main.cpp</FILENAME>
        <LINE>39</LINE>
        <COLUMN>14</COLUMN>
      </SFA>
      <SFA>
        <FILEPATH>d:\programming\2019\january\01_24\c\c_language\c_game_project\privatelesson\mythinkprintmapandmoveusercharacter</FILEPATH>
        <FILENAME>main.cpp</FILENAME>
        <LINE>40</LINE>
        <COLUMN>14</COLUMN>
      </SFA>
      <SFA>
        <FILEPATH>d:\programming\2019\january\01_24\c\c_language\c_game_project\privatelesson\mythinkprintmapandmoveusercharacter</FILEPATH>
        <FILENAME>main.cpp</FILENAME>
        <LINE>41</LINE>
        <COLUMN>14</COLUMN>
      </SFA>
      <SFA>
        <FILEPATH>d:\programming\2019\january\01_24\c\c_language\c_game_project\privatelesson\mythinkprintmapandmoveusercharacter</FILEPATH>
        <FILENAME>main.cpp</FILENAME>
        <LINE>43</LINE>
        <COLUMN>8</COLUMN>
      </SFA>
      <SFA>
        <FILEPATH>d:\programming\2019\january\01_24\c\c_language\c_game_project\privatelesson\mythinkprintmapandmoveusercharacter</FILEPATH>
        <FILENAME>main.cpp</FILENAME>
        <LINE>44</LINE>
        <COLUMN>10</COLUMN>
      </SFA>
      <SFA>
        <FILEPATH>d:\programming\2019\january\01_24\c\c_language\c_game_project\privatelesson\mythinkprintmapandmoveusercharacter</FILEPATH>
        <FILENAME>main.cpp</FILENAME>
        <LINE>46</LINE>
        <COLUMN>12</COLUMN>
      </SFA>
      <SFA>
        <FILEPATH>d:\programming\2019\january\01_24\c\c_language\c_game_project\privatelesson\mythinkprintmapandmoveusercharacter</FILEPATH>
        <FILENAME>main.cpp</FILENAME>
        <LINE>78</LINE>
        <COLUMN>4</COLUMN>
      </SFA>
      <SFA>
        <FILEPATH>d:\programming\2019\january\01_24\c\c_language\c_game_project\privatelesson\mythinkprintmapandmoveusercharacter</FILEPATH>
        <FILENAME>main.cpp</FILENAME>
        <LINE>79</LINE>
        <COLUMN>11</COLUMN>
      </SFA>
      <SFA>
        <FILEPATH>d:\programming\2019\january\01_24\c\c_language\c_game_project\privatelesson\mythinkprintmapandmoveusercharacter</FILEPATH>
        <FILENAME>main.cpp</FILENAME>
        <LINE>80</LINE>
        <COLUMN>9</COLUMN>
      </SFA>
      <SFA>
        <FILEPATH>d:\programming\2019\january\01_24\c\c_language\c_game_project\privatelesson\mythinkprintmapandmoveusercharacter</FILEPATH>
        <FILENAME>main.cpp</FILENAME>
        <LINE>81</LINE>
        <COLUMN>9</COLUMN>
      </SFA>
      <SFA>
        <FILEPATH>d:\programming\2019\january\01_24\c\c_language\c_game_project\privatelesson\mythinkprintmapandmoveusercharacter</FILEPATH>
        <FILENAME>main.cpp</FILENAME>
        <LINE>82</LINE>
        <COLUMN>9</COLUMN>
      </SFA>
      <SFA>
        <FILEPATH>d:\programming\2019\january\01_24\c\c_language\c_game_project\privatelesson\mythinkprintmapandmoveusercharacter</FILEPATH>
        <FILENAME>main.cpp</FILENAME>
        <LINE>83</LINE>
        <COLUMN>9</COLUMN>
      </SFA>
      <SFA>
        <FILEPATH>d:\programming\2019\january\01_24\c\c_language\c_game_project\privatelesson\mythinkprintmapandmoveusercharacter</FILEPATH>
        <FILENAME>main.cpp</FILENAME>
        <LINE>85</LINE>
        <COLUMN>8</COLUMN>
      </SFA>
      <SFA>
        <FILEPATH>d:\programming\2019\january\01_24\c\c_language\c_game_project\privatelesson\mythinkprintmapandmoveusercharacter</FILEPATH>
        <FILENAME>main.cpp</FILENAME>
        <LINE>86</LINE>
        <COLUMN>22</COLUMN>
      </SFA>
      <SFA>
        <FILEPATH>d:\programming\2019\january\01_24\c\c_language\c_game_project\privatelesson\mythinkprintmapandmoveusercharacter</FILEPATH>
        <FILENAME>main.cpp</FILENAME>
        <LINE>88</LINE>
        <COLUMN>13</COLUMN>
      </SFA>
      <SFA>
        <FILEPATH>d:\programming\2019\january\01_24\c\c_language\c_game_project\privatelesson\mythinkprintmapandmoveusercharacter</FILEPATH>
        <FILENAME>main.cpp</FILENAME>
        <LINE>89</LINE>
        <COLUMN>14</COLUMN>
      </SFA>
      <SFA>
        <FILEPATH>d:\programming\2019\january\01_24\c\c_language\c_game_project\privatelesson\mythinkprintmapandmoveusercharacter</FILEPATH>
        <FILENAME>main.cpp</FILENAME>
        <LINE>91</LINE>
        <COLUMN>20</COLUMN>
      </SFA>
      <SFA>
        <FILEPATH>d:\programming\2019\january\01_24\c\c_language\c_game_project\privatelesson\mythinkprintmapandmoveusercharacter</FILEPATH>
        <FILENAME>main.cpp</FILENAME>
        <LINE>93</LINE>
        <COLUMN>14</COLUMN>
      </SFA>
      <SFA>
        <FILEPATH>d:\programming\2019\january\01_24\c\c_language\c_game_project\privatelesson\mythinkprintmapandmoveusercharacter</FILEPATH>
        <FILENAME>main.cpp</FILENAME>
        <LINE>93</LINE>
        <COLUMN>23</COLUMN>
      </SFA>
      <SFA>
        <FILEPATH>d:\programming\2019\january\01_24\c\c_language\c_game_project\privatelesson\mythinkprintmapandmoveusercharacter</FILEPATH>
        <FILENAME>main.cpp</FILENAME>
        <LINE>95</LINE>
        <COLUMN>24</COLUMN>
      </SFA>
      <SFA>
        <FILEPATH>d:\programming\2019\january\01_24\c\c_language\c_game_project\privatelesson\mythinkprintmapandmoveusercharacter</FILEPATH>
        <FILENAME>main.cpp</FILENAME>
        <LINE>93</LINE>
        <COLUMN>39</COLUMN>
      </SFA>
      <SFA>
        <FILEPATH>d:\programming\2019\january\01_24\c\c_language\c_game_project\privatelesson\mythinkprintmapandmoveusercharacter</FILEPATH>
        <FILENAME>main.cpp</FILENAME>
        <LINE>93</LINE>
        <COLUMN>23</COLUMN>
      </SFA>
      <SFA>
        <FILEPATH>d:\programming\2019\january\01_24\c\c_language\c_game_project\privatelesson\mythinkprintmapandmoveusercharacter</FILEPATH>
        <FILENAME>main.cpp</FILENAME>
        <LINE>95</LINE>
        <COLUMN>24</COLUMN>
        <KEYEVENT>
          <ID>1</ID>
          <KIND>선언</KIND>
          <IMPORTANCE>Essential</IMPORTANCE>
          <MESSAGE>'curMapLocation[userInfo_xy.y+1]'은(는) NULL일 수 있습니다.</MESSAGE>
        </KEYEVENT>
      </SFA>
      <SFA>
        <FILEPATH>d:\programming\2019\january\01_24\c\c_language\c_game_project\privatelesson\mythinkprintmapandmoveusercharacter</FILEPATH>
        <FILENAME>main.cpp</FILENAME>
        <LINE>93</LINE>
        <COLUMN>39</COLUMN>
      </SFA>
      <SFA>
        <FILEPATH>d:\programming\2019\january\01_24\c\c_language\c_game_project\privatelesson\mythinkprintmapandmoveusercharacter</FILEPATH>
        <FILENAME>main.cpp</FILENAME>
        <LINE>93</LINE>
        <COLUMN>23</COLUMN>
        <KEYEVENT>
          <ID>2</ID>
          <KIND>분기</KIND>
          <IMPORTANCE>Full</IMPORTANCE>
          <MESSAGE>이 루프 계속, ('i&lt;curMapMax_Y' 가정)</MESSAGE>
        </KEYEVENT>
      </SFA>
      <SFA>
        <FILEPATH>d:\programming\2019\january\01_24\c\c_language\c_game_project\privatelesson\mythinkprintmapandmoveusercharacter</FILEPATH>
        <FILENAME>main.cpp</FILENAME>
        <LINE>98</LINE>
        <COLUMN>9</COLUMN>
      </SFA>
      <SFA>
        <FILEPATH>d:\programming\2019\january\01_24\c\c_language\c_game_project\privatelesson\mythinkprintmapandmoveusercharacter</FILEPATH>
        <FILENAME>main.cpp</FILENAME>
        <LINE>100</LINE>
        <COLUMN>12</COLUMN>
        <KEYEVENT>
          <ID>3</ID>
          <KIND>분기</KIND>
          <IMPORTANCE>Full</IMPORTANCE>
          <MESSAGE>이 루프 시작, ('1' 가정)</MESSAGE>
        </KEYEVENT>
      </SFA>
      <SFA>
        <FILEPATH>d:\programming\2019\january\01_24\c\c_language\c_game_project\privatelesson\mythinkprintmapandmoveusercharacter</FILEPATH>
        <FILENAME>main.cpp</FILENAME>
        <LINE>102</LINE>
        <COLUMN>15</COLUMN>
      </SFA>
      <SFA>
        <FILEPATH>d:\programming\2019\january\01_24\c\c_language\c_game_project\privatelesson\mythinkprintmapandmoveusercharacter</FILEPATH>
        <FILENAME>main.cpp</FILENAME>
        <LINE>102</LINE>
        <COLUMN>24</COLUMN>
      </SFA>
      <SFA>
        <FILEPATH>d:\programming\2019\january\01_24\c\c_language\c_game_project\privatelesson\mythinkprintmapandmoveusercharacter</FILEPATH>
        <FILENAME>main.cpp</FILENAME>
        <LINE>104</LINE>
        <COLUMN>16</COLUMN>
      </SFA>
      <SFA>
        <FILEPATH>d:\programming\2019\january\01_24\c\c_language\c_game_project\privatelesson\mythinkprintmapandmoveusercharacter</FILEPATH>
        <FILENAME>main.cpp</FILENAME>
        <LINE>104</LINE>
        <COLUMN>25</COLUMN>
      </SFA>
      <SFA>
        <FILEPATH>d:\programming\2019\january\01_24\c\c_language\c_game_project\privatelesson\mythinkprintmapandmoveusercharacter</FILEPATH>
        <FILENAME>main.cpp</FILENAME>
        <LINE>106</LINE>
        <COLUMN>29</COLUMN>
      </SFA>
      <SFA>
        <FILEPATH>d:\programming\2019\january\01_24\c\c_language\c_game_project\privatelesson\mythinkprintmapandmoveusercharacter</FILEPATH>
        <FILENAME>main.cpp</FILENAME>
        <LINE>104</LINE>
        <COLUMN>41</COLUMN>
      </SFA>
      <SFA>
        <FILEPATH>d:\programming\2019\january\01_24\c\c_language\c_game_project\privatelesson\mythinkprintmapandmoveusercharacter</FILEPATH>
        <FILENAME>main.cpp</FILENAME>
        <LINE>104</LINE>
        <COLUMN>25</COLUMN>
      </SFA>
      <SFA>
        <FILEPATH>d:\programming\2019\january\01_24\c\c_language\c_game_project\privatelesson\mythinkprintmapandmoveusercharacter</FILEPATH>
        <FILENAME>main.cpp</FILENAME>
        <LINE>106</LINE>
        <COLUMN>29</COLUMN>
      </SFA>
      <SFA>
        <FILEPATH>d:\programming\2019\january\01_24\c\c_language\c_game_project\privatelesson\mythinkprintmapandmoveusercharacter</FILEPATH>
        <FILENAME>main.cpp</FILENAME>
        <LINE>104</LINE>
        <COLUMN>41</COLUMN>
      </SFA>
      <SFA>
        <FILEPATH>d:\programming\2019\january\01_24\c\c_language\c_game_project\privatelesson\mythinkprintmapandmoveusercharacter</FILEPATH>
        <FILENAME>main.cpp</FILENAME>
        <LINE>104</LINE>
        <COLUMN>25</COLUMN>
      </SFA>
      <SFA>
        <FILEPATH>d:\programming\2019\january\01_24\c\c_language\c_game_project\privatelesson\mythinkprintmapandmoveusercharacter</FILEPATH>
        <FILENAME>main.cpp</FILENAME>
        <LINE>102</LINE>
        <COLUMN>40</COLUMN>
      </SFA>
      <SFA>
        <FILEPATH>d:\programming\2019\january\01_24\c\c_language\c_game_project\privatelesson\mythinkprintmapandmoveusercharacter</FILEPATH>
        <FILENAME>main.cpp</FILENAME>
        <LINE>102</LINE>
        <COLUMN>24</COLUMN>
      </SFA>
      <SFA>
        <FILEPATH>d:\programming\2019\january\01_24\c\c_language\c_game_project\privatelesson\mythinkprintmapandmoveusercharacter</FILEPATH>
        <FILENAME>main.cpp</FILENAME>
        <LINE>104</LINE>
        <COLUMN>16</COLUMN>
      </SFA>
      <SFA>
        <FILEPATH>d:\programming\2019\january\01_24\c\c_language\c_game_project\privatelesson\mythinkprintmapandmoveusercharacter</FILEPATH>
        <FILENAME>main.cpp</FILENAME>
        <LINE>104</LINE>
        <COLUMN>25</COLUMN>
      </SFA>
      <SFA>
        <FILEPATH>d:\programming\2019\january\01_24\c\c_language\c_game_project\privatelesson\mythinkprintmapandmoveusercharacter</FILEPATH>
        <FILENAME>main.cpp</FILENAME>
        <LINE>102</LINE>
        <COLUMN>40</COLUMN>
      </SFA>
      <SFA>
        <FILEPATH>d:\programming\2019\january\01_24\c\c_language\c_game_project\privatelesson\mythinkprintmapandmoveusercharacter</FILEPATH>
        <FILENAME>main.cpp</FILENAME>
        <LINE>102</LINE>
        <COLUMN>24</COLUMN>
      </SFA>
      <SFA>
        <FILEPATH>d:\programming\2019\january\01_24\c\c_language\c_game_project\privatelesson\mythinkprintmapandmoveusercharacter</FILEPATH>
        <FILENAME>main.cpp</FILENAME>
        <LINE>110</LINE>
        <COLUMN>10</COLUMN>
      </SFA>
      <SFA>
        <FILEPATH>d:\programming\2019\january\01_24\c\c_language\c_game_project\privatelesson\mythinkprintmapandmoveusercharacter</FILEPATH>
        <FILENAME>main.cpp</FILENAME>
        <LINE>111</LINE>
        <COLUMN>10</COLUMN>
      </SFA>
      <SFA>
        <FILEPATH>d:\programming\2019\january\01_24\c\c_language\c_game_project\privatelesson\mythinkprintmapandmoveusercharacter</FILEPATH>
        <FILENAME>main.cpp</FILENAME>
        <LINE>113</LINE>
        <COLUMN>13</COLUMN>
        <KEYEVENT>
          <ID>4</ID>
          <KIND>분기</KIND>
          <IMPORTANCE>Full</IMPORTANCE>
          <MESSAGE>이 루프 시작, ('1' 가정)</MESSAGE>
        </KEYEVENT>
      </SFA>
      <SFA>
        <FILEPATH>d:\programming\2019\january\01_24\c\c_language\c_game_project\privatelesson\mythinkprintmapandmoveusercharacter</FILEPATH>
        <FILENAME>main.cpp</FILENAME>
        <LINE>115</LINE>
        <COLUMN>12</COLUMN>
      </SFA>
      <SFA>
        <FILEPATH>d:\programming\2019\january\01_24\c\c_language\c_game_project\privatelesson\mythinkprintmapandmoveusercharacter</FILEPATH>
        <FILENAME>main.cpp</FILENAME>
        <LINE>116</LINE>
        <COLUMN>20</COLUMN>
      </SFA>
      <SFA>
        <FILEPATH>d:\programming\2019\january\01_24\c\c_language\c_game_project\privatelesson\mythinkprintmapandmoveusercharacter</FILEPATH>
        <FILENAME>main.cpp</FILENAME>
        <LINE>117</LINE>
        <COLUMN>19</COLUMN>
      </SFA>
      <SFA>
        <FILEPATH>d:\programming\2019\january\01_24\c\c_language\c_game_project\privatelesson\mythinkprintmapandmoveusercharacter</FILEPATH>
        <FILENAME>main.cpp</FILENAME>
        <LINE>118</LINE>
        <COLUMN>13</COLUMN>
      </SFA>
      <SFA>
        <FILEPATH>d:\programming\2019\january\01_24\c\c_language\c_game_project\privatelesson\mythinkprintmapandmoveusercharacter</FILEPATH>
        <FILENAME>main.cpp</FILENAME>
        <LINE>119</LINE>
        <COLUMN>13</COLUMN>
      </SFA>
      <SFA>
        <FILEPATH>d:\programming\2019\january\01_24\c\c_language\c_game_project\privatelesson\mythinkprintmapandmoveusercharacter</FILEPATH>
        <FILENAME>main.cpp</FILENAME>
        <LINE>121</LINE>
        <COLUMN>38</COLUMN>
        <KEYEVENT>
          <ID>5</ID>
          <KIND>분기</KIND>
          <IMPORTANCE>Full</IMPORTANCE>
          <MESSAGE>이 분기 건너뛰기, ('&lt;분기 조건&gt;'이(가) false라고 가정)</MESSAGE>
        </KEYEVENT>
      </SFA>
      <SFA>
        <FILEPATH>d:\programming\2019\january\01_24\c\c_language\c_game_project\privatelesson\mythinkprintmapandmoveusercharacter</FILEPATH>
        <FILENAME>main.cpp</FILENAME>
        <LINE>128</LINE>
        <COLUMN>23</COLUMN>
        <KEYEVENT>
          <ID>6</ID>
          <KIND>분기</KIND>
          <IMPORTANCE>Full</IMPORTANCE>
          <MESSAGE>이 분기 건너뛰기, ('&lt;분기 조건&gt;'이(가) false라고 가정)</MESSAGE>
        </KEYEVENT>
      </SFA>
      <SFA>
        <FILEPATH>d:\programming\2019\january\01_24\c\c_language\c_game_project\privatelesson\mythinkprintmapandmoveusercharacter</FILEPATH>
        <FILENAME>main.cpp</FILENAME>
        <LINE>139</LINE>
        <COLUMN>47</COLUMN>
        <KEYEVENT>
          <ID>7</ID>
          <KIND>분기</KIND>
          <IMPORTANCE>Full</IMPORTANCE>
          <MESSAGE>이 분기 시작, ('&lt;분기 조건&gt;' 가정)</MESSAGE>
        </KEYEVENT>
      </SFA>
      <SFA>
        <FILEPATH>d:\programming\2019\january\01_24\c\c_language\c_game_project\privatelesson\mythinkprintmapandmoveusercharacter</FILEPATH>
        <FILENAME>main.cpp</FILENAME>
        <LINE>141</LINE>
        <COLUMN>60</COLUMN>
        <KEYEVENT>
          <ID>8</ID>
          <KIND>분기</KIND>
          <IMPORTANCE>Full</IMPORTANCE>
          <MESSAGE>이 분기 건너뛰기, ('&lt;분기 조건&gt;'이(가) false라고 가정)</MESSAGE>
        </KEYEVENT>
      </SFA>
      <SFA>
        <FILEPATH>d:\programming\2019\january\01_24\c\c_language\c_game_project\privatelesson\mythinkprintmapandmoveusercharacter</FILEPATH>
        <FILENAME>main.cpp</FILENAME>
        <LINE>141</LINE>
        <COLUMN>60</COLUMN>
        <KEYEVENT>
          <ID>9</ID>
          <KIND>사용법</KIND>
          <IMPORTANCE>Essential</IMPORTANCE>
          <MESSAGE>'curMapLocation[userInfo_xy.y+1]'이(가) 역참조되었지만 여전히 NULL일 수 있습니다.</MESSAGE>
        </KEYEVENT>
      </SFA>
    </PATH>
  </DEFECT>
</DEFECTS>